-- phpMyAdmin SQL Dump
-- version 4.9.4
-- https://www.phpmyadmin.net/
--
-- Hôte : mysql:3306
-- Généré le : Dim 19 jan. 2020 à 00:03
-- Version du serveur :  5.7.28
-- Version de PHP : 7.4.1

SET SQL_MODE = "NO_AUTO_VALUE_ON_ZERO";
SET AUTOCOMMIT = 0;
START TRANSACTION;
SET time_zone = "+00:00";


/*!40101 SET @OLD_CHARACTER_SET_CLIENT=@@CHARACTER_SET_CLIENT */;
/*!40101 SET @OLD_CHARACTER_SET_RESULTS=@@CHARACTER_SET_RESULTS */;
/*!40101 SET @OLD_COLLATION_CONNECTION=@@COLLATION_CONNECTION */;
/*!40101 SET NAMES utf8mb4 */;

--
-- Base de données : `MATCHA`
--

-- --------------------------------------------------------

--
-- Structure de la table `blockList`
--

CREATE TABLE `blockList` (
  `id` int(11) NOT NULL,
  `blocker_id` int(11) DEFAULT NULL,
  `blocked_id` int(11) DEFAULT NULL,
  `date` datetime DEFAULT NULL
) ENGINE=InnoDB DEFAULT CHARSET=latin1;

--
-- Déchargement des données de la table `blockList`
--

INSERT INTO `blockList` (`id`, `blocker_id`, `blocked_id`, `date`) VALUES
(13, 133, 2, '2019-12-31 01:44:32'),
(14, 133, 7, '2019-12-31 01:44:53'),
(15, 133, 1, '2019-12-31 01:50:51'),
(16, 133, 3, '2019-12-31 01:57:58'),
(18, 1, 8, '2020-01-02 01:31:08'),
(20, 1, 2, '2020-01-03 16:25:28'),
(21, 1, 3, '2020-01-03 16:25:42'),
(22, 1, 6, '2020-01-03 17:20:30'),
(23, 1, 9, '2020-01-03 20:16:43'),
(24, 1, 5, '2020-01-03 20:42:12'),
(25, 1, 7, '2020-01-03 20:42:19'),
(26, 1, 10, '2020-01-03 20:42:27'),
(27, 1, 11, '2020-01-03 20:42:51'),
(28, 1, 19, '2020-01-09 16:49:46'),
(29, 1, 134, '2020-01-09 16:55:59'),
(30, 1, 95, '2020-01-09 17:03:55'),
(31, 1, 124, '2020-01-09 17:03:57'),
(32, 1, 36, '2020-01-09 17:05:38'),
(33, 1, 73, '2020-01-16 11:54:08'),
(34, 1, 117, '2020-01-16 11:54:20'),
(35, 1, 28, '2020-01-16 15:05:33');

-- --------------------------------------------------------

--
-- Structure de la table `images`
--

CREATE TABLE `images` (
  `id` int(11) NOT NULL,
  `user_id` int(11) NOT NULL,
  `path` varchar(255) NOT NULL,
  `isProfilePic` int(11) NOT NULL
) ENGINE=InnoDB DEFAULT CHARSET=latin1;

--
-- Déchargement des données de la table `images`
--

INSERT INTO `images` (`id`, `user_id`, `path`, `isProfilePic`) VALUES
(2, 2, '2019-12-30T23:49:00.499Zgirl.jpg', 1),
(3, 3, '2019-12-30T23:49:17.520Z655568.jpg', 1),
(5, 5, '2019-12-30T23:49:07.697Zgirl3.jpg', 1),
(6, 6, '2019-12-30T23:49:03.830Zgirl1.jpg', 1),
(7, 7, '2019-12-30T23:49:17.520Z655568.jpg', 1),
(8, 8, '2019-12-30T23:49:14.601Zboy.jpg', 1),
(9, 9, '2019-12-30T23:49:03.830Zgirl1.jpg', 1),
(10, 10, '2019-12-30T23:49:07.697Zgirl3.jpg', 1),
(11, 11, '2019-12-30T23:49:07.697Zgirl3.jpg', 1),
(12, 12, '2019-12-30T23:49:03.830Zgirl1.jpg', 1),
(13, 13, '2019-12-30T23:49:17.520Z655568.jpg', 1),
(14, 14, '2019-12-30T23:49:14.601Zboy.jpg', 1),
(15, 15, '2019-12-30T23:49:03.830Zgirl1.jpg', 1),
(16, 16, '2019-12-30T23:49:00.499Zgirl.jpg', 1),
(17, 17, '2019-12-30T23:49:07.697Zgirl3.jpg', 1),
(18, 18, '2019-12-30T23:49:14.601Zboy.jpg', 1),
(19, 19, '2019-12-30T23:49:14.601Zboy.jpg', 0),
(20, 20, '2019-12-30T23:49:17.520Z655568.jpg', 1),
(21, 21, '2019-12-30T23:49:03.830Zgirl1.jpg', 1),
(22, 22, '2019-12-30T23:49:07.697Zgirl3.jpg', 1),
(23, 23, '2019-12-30T23:49:17.520Z655568.jpg', 1),
(24, 24, '2019-12-30T23:49:00.499Zgirl.jpg', 1),
(25, 25, '2019-12-30T23:49:03.830Zgirl1.jpg', 1),
(26, 26, '2019-12-30T23:49:03.830Zgirl1.jpg', 1),
(27, 27, '2019-12-30T23:49:00.499Zgirl.jpg', 1),
(28, 28, '2019-12-30T23:49:17.520Z655568.jpg', 1),
(29, 29, '2019-12-30T23:49:14.601Zboy.jpg', 1),
(30, 30, '2019-12-30T23:49:03.830Zgirl1.jpg', 1),
(31, 31, '2019-12-30T23:49:17.520Z655568.jpg', 1),
(32, 32, '2019-12-30T23:49:00.499Zgirl.jpg', 1),
(33, 33, '2019-12-30T23:49:17.520Z655568.jpg', 1),
(34, 34, '2019-12-30T23:49:17.520Z655568.jpg', 1),
(35, 35, '2019-12-30T23:49:14.601Zboy.jpg', 1),
(36, 36, '2019-12-30T23:49:00.499Zgirl.jpg', 1),
(37, 37, '2019-12-30T23:49:00.499Zgirl.jpg', 1),
(38, 38, '2019-12-30T23:49:00.499Zgirl.jpg', 1),
(39, 39, '2019-12-30T23:49:14.601Zboy.jpg', 1),
(40, 40, '2019-12-30T23:49:14.601Zboy.jpg', 1),
(41, 41, '2019-12-30T23:49:03.830Zgirl1.jpg', 1),
(42, 42, '2019-12-30T23:49:07.697Zgirl3.jpg', 1),
(43, 43, '2019-12-30T23:49:17.520Z655568.jpg', 1),
(44, 44, '2019-12-30T23:49:14.601Zboy.jpg', 1),
(45, 45, '2019-12-30T23:49:17.520Z655568.jpg', 1),
(46, 46, '2019-12-30T23:49:07.697Zgirl3.jpg', 1),
(47, 47, '2019-12-30T23:49:00.499Zgirl.jpg', 1),
(48, 48, '2019-12-30T23:49:03.830Zgirl1.jpg', 1),
(49, 49, '2019-12-30T23:49:03.830Zgirl1.jpg', 1),
(50, 50, '2019-12-30T23:49:17.520Z655568.jpg', 1),
(51, 51, '2019-12-30T23:49:17.520Z655568.jpg', 1),
(52, 52, '2019-12-30T23:49:17.520Z655568.jpg', 1),
(53, 53, '2019-12-30T23:49:00.499Zgirl.jpg', 1),
(54, 54, '2019-12-30T23:49:03.830Zgirl1.jpg', 1),
(55, 55, '2019-12-30T23:49:00.499Zgirl.jpg', 1),
(56, 56, '2019-12-30T23:49:00.499Zgirl.jpg', 1),
(57, 57, '2019-12-30T23:49:00.499Zgirl.jpg', 1),
(58, 58, '2019-12-30T23:49:17.520Z655568.jpg', 1),
(59, 59, '2019-12-30T23:49:07.697Zgirl3.jpg', 1),
(60, 60, '2019-12-30T23:49:03.830Zgirl1.jpg', 1),
(61, 61, '2019-12-30T23:49:07.697Zgirl3.jpg', 1),
(62, 62, '2019-12-30T23:49:14.601Zboy.jpg', 1),
(63, 63, '2019-12-30T23:49:14.601Zboy.jpg', 1),
(64, 64, '2019-12-30T23:49:17.520Z655568.jpg', 1),
(65, 65, '2019-12-30T23:49:03.830Zgirl1.jpg', 1),
(66, 66, '2019-12-30T23:49:14.601Zboy.jpg', 1),
(67, 67, '2019-12-30T23:49:03.830Zgirl1.jpg', 1),
(68, 68, '2019-12-30T23:49:00.499Zgirl.jpg', 1),
(69, 69, '2019-12-30T23:49:07.697Zgirl3.jpg', 1),
(70, 70, '2019-12-30T23:49:14.601Zboy.jpg', 1),
(71, 71, '2019-12-30T23:49:14.601Zboy.jpg', 1),
(72, 72, '2019-12-30T23:49:03.830Zgirl1.jpg', 1),
(73, 73, '2019-12-30T23:49:00.499Zgirl.jpg', 1),
(74, 74, '2019-12-30T23:49:00.499Zgirl.jpg', 1),
(75, 75, '2019-12-30T23:49:14.601Zboy.jpg', 1),
(76, 76, '2019-12-30T23:49:07.697Zgirl3.jpg', 1),
(77, 77, '2019-12-30T23:49:03.830Zgirl1.jpg', 1),
(78, 78, '2019-12-30T23:49:17.520Z655568.jpg', 1),
(79, 79, '2019-12-30T23:49:14.601Zboy.jpg', 1),
(80, 80, '2019-12-30T23:49:00.499Zgirl.jpg', 1),
(81, 81, '2019-12-30T23:49:07.697Zgirl3.jpg', 1),
(82, 82, '2019-12-30T23:49:07.697Zgirl3.jpg', 1),
(83, 83, '2019-12-30T23:49:03.830Zgirl1.jpg', 1),
(84, 84, '2019-12-30T23:49:03.830Zgirl1.jpg', 1),
(85, 85, '2019-12-30T23:49:07.697Zgirl3.jpg', 1),
(86, 86, '2019-12-30T23:49:17.520Z655568.jpg', 1),
(87, 87, '2019-12-30T23:49:17.520Z655568.jpg', 1),
(88, 88, '2019-12-30T23:49:03.830Zgirl1.jpg', 1),
(89, 89, '2019-12-30T23:49:00.499Zgirl.jpg', 1),
(90, 90, '2019-12-30T23:49:17.520Z655568.jpg', 1),
(91, 91, '2019-12-30T23:49:14.601Zboy.jpg', 1),
(92, 92, '2019-12-30T23:49:03.830Zgirl1.jpg', 1),
(93, 93, '2019-12-30T23:49:03.830Zgirl1.jpg', 1),
(94, 94, '2019-12-30T23:49:00.499Zgirl.jpg', 1),
(95, 95, '2019-12-30T23:49:14.601Zboy.jpg', 1),
(96, 96, '2019-12-30T23:49:07.697Zgirl3.jpg', 1),
(97, 97, '2019-12-30T23:49:03.830Zgirl1.jpg', 1),
(98, 98, '2019-12-30T23:49:07.697Zgirl3.jpg', 1),
(99, 99, '2019-12-30T23:49:00.499Zgirl.jpg', 1),
(100, 100, '2019-12-30T23:49:00.499Zgirl.jpg', 1),
(101, 101, '2019-12-30T23:49:03.830Zgirl1.jpg', 1),
(102, 102, '2019-12-30T23:49:00.499Zgirl.jpg', 1),
(103, 103, '2019-12-30T23:49:17.520Z655568.jpg', 1),
(104, 104, '2019-12-30T23:49:00.499Zgirl.jpg', 1),
(105, 105, '2019-12-30T23:49:17.520Z655568.jpg', 1),
(106, 106, '2019-12-30T23:49:14.601Zboy.jpg', 1),
(107, 107, '2019-12-30T23:49:07.697Zgirl3.jpg', 1),
(108, 108, '2019-12-30T23:49:14.601Zboy.jpg', 1),
(109, 109, '2019-12-30T23:49:07.697Zgirl3.jpg', 1),
(110, 110, '2019-12-30T23:49:00.499Zgirl.jpg', 1),
(111, 111, '2019-12-30T23:49:07.697Zgirl3.jpg', 1),
(112, 112, '2019-12-30T23:49:17.520Z655568.jpg', 1),
(113, 113, '2019-12-30T23:49:14.601Zboy.jpg', 1),
(114, 114, '2019-12-30T23:49:03.830Zgirl1.jpg', 1),
(115, 115, '2019-12-30T23:49:07.697Zgirl3.jpg', 1),
(116, 116, '2019-12-30T23:49:17.520Z655568.jpg', 1),
(117, 117, '2019-12-30T23:49:00.499Zgirl.jpg', 1),
(118, 118, '2019-12-30T23:49:17.520Z655568.jpg', 1),
(119, 119, '2019-12-30T23:49:00.499Zgirl.jpg', 1),
(120, 120, '2019-12-30T23:49:17.520Z655568.jpg', 1),
(121, 121, '2019-12-30T23:49:07.697Zgirl3.jpg', 1),
(122, 122, '2019-12-30T23:49:14.601Zboy.jpg', 1),
(123, 123, '2019-12-30T23:49:17.520Z655568.jpg', 1),
(124, 124, '2019-12-30T23:49:03.830Zgirl1.jpg', 1),
(125, 125, '2019-12-30T23:49:07.697Zgirl3.jpg', 1),
(126, 126, '2019-12-30T23:49:07.697Zgirl3.jpg', 1),
(127, 127, '2019-12-30T23:49:00.499Zgirl.jpg', 1),
(128, 128, '2019-12-30T23:49:03.830Zgirl1.jpg', 1),
(129, 129, '2019-12-30T23:49:00.499Zgirl.jpg', 1),
(130, 130, '2019-12-30T23:49:07.697Zgirl3.jpg', 1),
(131, 131, '2019-12-30T23:49:03.830Zgirl1.jpg', 1),
(132, 132, '2019-12-30T23:49:17.520Z655568.jpg', 1),
(134, 134, '2019-12-30T23:49:03.830Zgirl1.jpg', 1),
(135, 135, '2019-12-30T23:49:00.499Zgirl.jpg', 1),
(136, 136, '2019-12-30T23:49:03.830Zgirl1.jpg', 1),
(137, 137, '2019-12-30T23:49:03.830Zgirl1.jpg', 1),
(138, 138, '2019-12-30T23:49:14.601Zboy.jpg', 1),
(139, 139, '2019-12-30T23:49:00.499Zgirl.jpg', 1),
(140, 140, '2019-12-30T23:49:17.520Z655568.jpg', 1),
(141, 141, '2019-12-30T23:49:07.697Zgirl3.jpg', 1),
(142, 142, '2019-12-30T23:49:03.830Zgirl1.jpg', 1),
(143, 143, '2019-12-30T23:49:00.499Zgirl.jpg', 1),
(144, 144, '2019-12-30T23:49:00.499Zgirl.jpg', 1),
(145, 145, '2019-12-30T23:49:00.499Zgirl.jpg', 1),
(146, 146, '2019-12-30T23:49:17.520Z655568.jpg', 1),
(147, 147, '2019-12-30T23:49:17.520Z655568.jpg', 1),
(148, 148, '2019-12-30T23:49:07.697Zgirl3.jpg', 1),
(149, 149, '2019-12-30T23:49:14.601Zboy.jpg', 1),
(150, 150, '2019-12-30T23:49:03.830Zgirl1.jpg', 1),
(152, 152, '2019-12-30T23:49:17.520Z655568.jpg', 1),
(153, 153, '2019-12-30T23:49:03.830Zgirl1.jpg', 1),
(154, 154, '2019-12-30T23:49:17.520Z655568.jpg', 1),
(155, 155, '2019-12-30T23:49:14.601Zboy.jpg', 1),
(156, 156, '2019-12-30T23:49:17.520Z655568.jpg', 1),
(157, 157, '2019-12-30T23:49:07.697Zgirl3.jpg', 1),
(158, 158, '2019-12-30T23:49:07.697Zgirl3.jpg', 1),
(159, 159, '2019-12-30T23:49:00.499Zgirl.jpg', 1),
(160, 160, '2019-12-30T23:49:14.601Zboy.jpg', 1),
(161, 161, '2019-12-30T23:49:17.520Z655568.jpg', 1),
(162, 162, '2019-12-30T23:49:14.601Zboy.jpg', 1),
(163, 163, '2019-12-30T23:49:17.520Z655568.jpg', 1),
(164, 164, '2019-12-30T23:49:17.520Z655568.jpg', 1),
(165, 165, '2019-12-30T23:49:07.697Zgirl3.jpg', 1),
(166, 166, '2019-12-30T23:49:00.499Zgirl.jpg', 1),
(167, 167, '2019-12-30T23:49:07.697Zgirl3.jpg', 1),
(168, 168, '2019-12-30T23:49:00.499Zgirl.jpg', 1),
(169, 169, '2019-12-30T23:49:00.499Zgirl.jpg', 1),
(170, 170, '2019-12-30T23:49:14.601Zboy.jpg', 1),
(171, 171, '2019-12-30T23:49:03.830Zgirl1.jpg', 1),
(172, 172, '2019-12-30T23:49:17.520Z655568.jpg', 1),
(173, 173, '2019-12-30T23:49:03.830Zgirl1.jpg', 1),
(174, 174, '2019-12-30T23:49:03.830Zgirl1.jpg', 1),
(175, 175, '2019-12-30T23:49:14.601Zboy.jpg', 1),
(176, 176, '2019-12-30T23:49:07.697Zgirl3.jpg', 1),
(177, 177, '2019-12-30T23:49:17.520Z655568.jpg', 1),
(178, 178, '2019-12-30T23:49:14.601Zboy.jpg', 1),
(179, 179, '2019-12-30T23:49:17.520Z655568.jpg', 1),
(180, 180, '2019-12-30T23:49:07.697Zgirl3.jpg', 1),
(181, 181, '2019-12-30T23:49:07.697Zgirl3.jpg', 1),
(182, 182, '2019-12-30T23:49:07.697Zgirl3.jpg', 1),
(183, 183, '2019-12-30T23:49:03.830Zgirl1.jpg', 1),
(184, 184, '2019-12-30T23:49:14.601Zboy.jpg', 1),
(185, 185, '2019-12-30T23:49:17.520Z655568.jpg', 1),
(186, 186, '2019-12-30T23:49:00.499Zgirl.jpg', 1),
(187, 187, '2019-12-30T23:49:14.601Zboy.jpg', 1),
(188, 188, '2019-12-30T23:49:07.697Zgirl3.jpg', 1),
(189, 189, '2019-12-30T23:49:14.601Zboy.jpg', 1),
(190, 190, '2019-12-30T23:49:14.601Zboy.jpg', 1),
(191, 191, '2019-12-30T23:49:07.697Zgirl3.jpg', 1),
(192, 192, '2019-12-30T23:49:07.697Zgirl3.jpg', 1),
(193, 193, '2019-12-30T23:49:07.697Zgirl3.jpg', 1),
(194, 194, '2019-12-30T23:49:17.520Z655568.jpg', 1),
(195, 195, '2019-12-30T23:49:07.697Zgirl3.jpg', 1),
(196, 196, '2019-12-30T23:49:17.520Z655568.jpg', 1),
(197, 197, '2019-12-30T23:49:07.697Zgirl3.jpg', 1),
(198, 198, '2019-12-30T23:49:07.697Zgirl3.jpg', 1),
(199, 199, '2019-12-30T23:49:17.520Z655568.jpg', 1),
(200, 200, '2019-12-30T23:49:07.697Zgirl3.jpg', 1),
(205, 133, '2020-01-01T17:10:33.367Zgirl.jpg', 1),
(208, 151, '2020-01-01T17:20:02.086Zright_picture.jpg', 1),
(209, 4, '2020-01-01T17:23:05.399Zright_picture.jpg', 1),
(210, 1, '2020-01-01T17:30:09.275Zgirl1.jpg', 1),
(211, 1, '2020-01-01T17:30:26.418Zgirl3.jpg', 0),
(213, 2, '2020-01-01T22:10:08.446Z655568.jpg', 0),
(214, 2, '2020-01-01T22:10:14.497Zgirl1.jpg', 0),
(215, 2, '2020-01-01T22:10:17.881Zgirl3.jpg', 0),
(217, 19, '2020-01-04T10:55:28.927Zgeor.jpg', 1);

-- --------------------------------------------------------

--
-- Structure de la table `interests`
--

CREATE TABLE `interests` (
  `interest_id` int(11) NOT NULL,
  `interest` varchar(255) NOT NULL,
  `createdBy` int(11) NOT NULL
) ENGINE=InnoDB DEFAULT CHARSET=latin1;

--
-- Déchargement des données de la table `interests`
--

INSERT INTO `interests` (`interest_id`, `interest`, `createdBy`) VALUES
(1, 'Sport', 1),
(2, 'Reading', 1),
(3, 'Swimming', 1),
(4, 'Travel', 1),
(5, 'Gaming', 1),
(6, '1337', 1),
(9, 'kk', 18),
(10, 'girls', 21),
(11, 'nike', 22),
(12, 'beauty', 19),
(13, 'fashion', 19);

-- --------------------------------------------------------

--
-- Structure de la table `likesList`
--

CREATE TABLE `likesList` (
  `id` int(11) NOT NULL,
  `liker_id` int(11) DEFAULT NULL,
  `liked_id` int(11) DEFAULT NULL,
  `date` datetime DEFAULT NULL
) ENGINE=InnoDB DEFAULT CHARSET=latin1;

--
-- Déchargement des données de la table `likesList`
--

INSERT INTO `likesList` (`id`, `liker_id`, `liked_id`, `date`) VALUES
(8, 133, 3, '2019-12-31 01:44:47'),
(9, 133, 5, '2019-12-31 01:44:51'),
(10, 133, 1, '2019-12-31 01:50:43'),
(11, 133, 4, '2019-12-31 01:57:39'),
(12, 133, 10, '2019-12-31 01:57:50'),
(13, 133, 6, '2020-01-01 15:13:19'),
(43, 1, 50, '2020-01-04 10:38:30'),
(47, 1, 91, '2020-01-04 10:38:33'),
(48, 1, 96, '2020-01-04 10:38:34'),
(49, 5, 133, '2020-01-04 10:38:34'),
(50, 1, 133, '2020-01-04 10:38:35'),
(51, 1, 15, '2020-01-04 10:38:35'),
(52, 1, 15, '2020-01-04 10:38:36'),
(53, 4, 133, '2020-01-04 11:08:44');

-- --------------------------------------------------------

--
-- Structure de la table `messages`
--

CREATE TABLE `messages` (
  `id` int(11) NOT NULL,
  `sender` varchar(255) NOT NULL,
  `receiver` varchar(255) NOT NULL,
  `message` varchar(255) NOT NULL
) ENGINE=InnoDB DEFAULT CHARSET=latin1;

--
-- Déchargement des données de la table `messages`
--

INSERT INTO `messages` (`id`, `sender`, `receiver`, `message`) VALUES
(2, '1', '133', 'hi'),
(3, '133', '1', 'wa fin'),
(4, '133', '1', 'cv ?'),
(5, '1', '133', 'lahafdak a 3chiri');

-- --------------------------------------------------------

--
-- Structure de la table `reportList`
--

CREATE TABLE `reportList` (
  `id` int(11) NOT NULL,
  `reporter_id` int(11) NOT NULL,
  `reported_id` int(11) NOT NULL,
  `date` datetime NOT NULL
) ENGINE=InnoDB DEFAULT CHARSET=latin1;

--
-- Déchargement des données de la table `reportList`
--

INSERT INTO `reportList` (`id`, `reporter_id`, `reported_id`, `date`) VALUES
(1, 133, 1, '2019-12-31 01:43:47'),
(2, 133, 1, '2019-12-31 01:44:10'),
(3, 133, 1, '2019-12-31 01:44:30'),
(4, 133, 8, '2019-12-31 01:44:54'),
(5, 133, 4, '2019-12-31 01:58:12'),
(6, 1, 7, '2020-01-03 20:18:53');

-- --------------------------------------------------------

--
-- Structure de la table `users`
--

CREATE TABLE `users` (
  `id` int(11) NOT NULL,
  `firstname` varchar(255) NOT NULL,
  `lastname` varchar(255) NOT NULL,
  `username` varchar(255) NOT NULL,
  `email` varchar(255) NOT NULL,
  `password` varchar(255) NOT NULL,
  `verif_token` varchar(255) NOT NULL DEFAULT '',
  `confirmed` int(11) NOT NULL DEFAULT '0',
  `complete` int(11) NOT NULL DEFAULT '0',
  `gender` varchar(255) DEFAULT NULL,
  `sexOrient` varchar(255) DEFAULT NULL,
  `bio` varchar(255) DEFAULT NULL,
  `birthday` date DEFAULT NULL,
  `rating` int(11) NOT NULL DEFAULT '0',
  `isOnline` int(11) NOT NULL DEFAULT '0',
  `latitude` float DEFAULT NULL,
  `longitude` float DEFAULT NULL,
  `lastSignIn` datetime DEFAULT NULL
) ENGINE=InnoDB DEFAULT CHARSET=latin1;

--
-- Déchargement des données de la table `users`
--

INSERT INTO `users` (`id`, `firstname`, `lastname`, `username`, `email`, `password`, `verif_token`, `confirmed`, `complete`, `gender`, `sexOrient`, `bio`, `birthday`, `rating`, `isOnline`, `latitude`, `longitude`, `lastSignIn`) VALUES
(1, 'ilyas', 'sifeddine', 'isifeddi', 'isifeddi@gmail.com', '$2b$10$P59WWZGc5yOyno8uHyKJ7OjxhmYfW4x.Si2hACTM0dOtYbhKph136', '339a512beb21553c312f0143b94241051f49f203833a930dc59d5da931328a5526360893932451ce18e62d18fd3f0f8d233c2f63be7b1fad82bd4e681917eec445', 1, 3, 'male', 'women', 'BE LIKE WATER ;)', '1998-03-04', 2, 0, 32.8861, -6.91048, '2020-01-18 17:56:16'),
(2, 'Mahalia', 'Lillistone', 'mm', 'mlillistone1@dailymail.co.uk', '$2b$10$.89MJ9LQvj7T5gs9.ZohROVWQjvudfb2HOIsd7ieHH8fAokvYao1m', '339a512beb21553c312f0143b94241051f49f203833a930dc59d5da931328a5526360893932451ce18e62d18fd3f0f8d233c2f63be7b1fad82bd4e681917eec411', 1, 3, 'male', 'both', ' I love buying new things but I hate spending money.', '1995-04-14', 5, 0, 5.48274, -73.4062, '2020-01-01 22:10:20'),
(3, 'Heddie', 'Bohlin', 'hbohlin2', 'hbohlin2@elpais.com', '$2b$10$.89MJ9LQvj7T5gs9.ZohROVWQjvudfb2HOIsd7ieHH8fAokvYao1m', '339a512beb21553c312f0143b94241051f49f203833a930dc59d5da931328a5526360893932451ce18e62d18fd3f0f8d233c2f63be7b1fad82bd4e681917eec445', 1, 3, 'female', 'men', ' I love buying new things but I hate spending money.', '1990-08-13', 4, 1, -23.421, -51.9331, '2019-01-04 00:00:00'),
(4, 'monica', 'monica', 'swd', 'hivantyev3@myspace.com', '$2b$10$.89MJ9LQvj7T5gs9.ZohROVWQjvudfb2HOIsd7ieHH8fAokvYao1m', '339a512beb21553c312f0143b94241051f49f203833a930dc59d5da931328a5526360893932451ce18e62d18fd3f0f8d233c2f63be7b1fad82bd4e681917eec411', 1, 3, 'male', 'both', ' I love buying new things but I hate spending money.', '1980-02-07', 3, 0, -22.7486, -46.8931, '2020-01-01 17:23:08'),
(5, 'Emmanuel', 'Cousins', 'ecousins4', 'ecousins4@senate.gov', '$2b$10$.89MJ9LQvj7T5gs9.ZohROVWQjvudfb2HOIsd7ieHH8fAokvYao1m', '339a512beb21553c312f0143b94241051f49f203833a930dc59d5da931328a5526360893932451ce18e62d18fd3f0f8d233c2f63be7b1fad82bd4e681917eec411', 1, 3, 'male', 'men', ' I love buying new things but I hate spending money.', '1981-07-15', 2, 1, -7.08721, 110.913, '2019-01-08 00:00:00'),
(6, 'Eveline', 'Renney', 'erenney5', 'erenney5@craigslist.org', '$2b$10$.89MJ9LQvj7T5gs9.ZohROVWQjvudfb2HOIsd7ieHH8fAokvYao1m', '339a512beb21553c312f0143b94241051f49f203833a930dc59d5da931328a5526360893932451ce18e62d18fd3f0f8d233c2f63be7b1fad82bd4e681917eec411', 1, 3, 'male', 'both', ' I love buying new things but I hate spending money.', '1985-01-08', 4, 0, 5.88725, -10.0304, '2019-01-09 00:00:00'),
(7, 'Evangelin', 'Guiduzzi', 'eguiduzzi6', 'eguiduzzi6@nymag.com', '$2b$10$.89MJ9LQvj7T5gs9.ZohROVWQjvudfb2HOIsd7ieHH8fAokvYao1m', '339a512beb21553c312f0143b94241051f49f203833a930dc59d5da931328a5526360893932451ce18e62d18fd3f0f8d233c2f63be7b1fad82bd4e681917eec411', 1, 3, 'female', 'men', ' I love buying new things but I hate spending money.', '1971-11-22', 5, 1, 53.157, 30.4607, '2019-01-08 00:00:00'),
(8, 'Krissy', 'Marshman', 'kmarshman7', 'kmarshman7@state.gov', '$2b$10$.89MJ9LQvj7T5gs9.ZohROVWQjvudfb2HOIsd7ieHH8fAokvYao1m', '339a512beb21553c312f0143b94241051f49f203833a930dc59d5da931328a5526360893932451ce18e62d18fd3f0f8d233c2f63be7b1fad82bd4e681917eec445', 1, 3, 'female', 'both', ' I love buying new things but I hate spending money.', '1976-12-23', 5, 0, 50.4809, 18.7352, '2019-01-07 00:00:00'),
(9, 'Verene', 'Goreway', 'vgoreway8', 'vgoreway8@ca.gov', '$2b$10$.89MJ9LQvj7T5gs9.ZohROVWQjvudfb2HOIsd7ieHH8fAokvYao1m', '339a512beb21553c312f0143b94241051f49f203833a930dc59d5da931328a5526360893932451ce18e62d18fd3f0f8d233c2f63be7b1fad82bd4e681917eec445', 1, 3, 'female', 'men', ' I love buying new things but I hate spending money.', '1996-12-28', 3, 1, -31.335, -64.2952, '2019-01-11 00:00:00'),
(10, 'Joanne', 'Dillingstone', 'jdillingstone9', 'jdillingstone9@marriott.com', '$2b$10$.89MJ9LQvj7T5gs9.ZohROVWQjvudfb2HOIsd7ieHH8fAokvYao1m', '339a512beb21553c312f0143b94241051f49f203833a930dc59d5da931328a5526360893932451ce18e62d18fd3f0f8d233c2f63be7b1fad82bd4e681917eec411', 1, 3, 'female', 'both', ' I love buying new things but I hate spending money.', '1989-03-23', 0, 0, 18.3052, -77.354, '2019-01-01 00:00:00'),
(11, 'Justino', 'Sawart', 'jsawarta', 'jsawarta@arstechnica.com', '$2b$10$.89MJ9LQvj7T5gs9.ZohROVWQjvudfb2HOIsd7ieHH8fAokvYao1m', '339a512beb21553c312f0143b94241051f49f203833a930dc59d5da931328a5526360893932451ce18e62d18fd3f0f8d233c2f63be7b1fad82bd4e681917eec445', 1, 3, 'male', 'men', ' I love buying new things but I hate spending money.', '1977-02-24', 5, 1, 50.0995, 24.3454, '2019-01-07 00:00:00'),
(12, 'Nat', 'Chimienti', 'nchimientib', 'nchimientib@nydailynews.com', '$2b$10$.89MJ9LQvj7T5gs9.ZohROVWQjvudfb2HOIsd7ieHH8fAokvYao1m', '339a512beb21553c312f0143b94241051f49f203833a930dc59d5da931328a5526360893932451ce18e62d18fd3f0f8d233c2f63be7b1fad82bd4e681917eec411', 1, 3, 'female', 'men', ' I love buying new things but I hate spending money.', '1978-04-10', 3, 1, 41.5226, 45.043, '2019-01-03 00:00:00'),
(13, 'Berkly', 'Serrell', 'bserrellc', 'bserrellc@themeforest.net', '$2b$10$.89MJ9LQvj7T5gs9.ZohROVWQjvudfb2HOIsd7ieHH8fAokvYao1m', '339a512beb21553c312f0143b94241051f49f203833a930dc59d5da931328a5526360893932451ce18e62d18fd3f0f8d233c2f63be7b1fad82bd4e681917eec411', 1, 3, 'female', 'both', ' I love buying new things but I hate spending money.', '1990-10-19', 3, 1, -8.26323, 113.251, '2019-01-09 00:00:00'),
(14, 'Nerissa', 'Percival', 'npercivald', 'npercivald@google.ca', '$2b$10$.89MJ9LQvj7T5gs9.ZohROVWQjvudfb2HOIsd7ieHH8fAokvYao1m', '339a512beb21553c312f0143b94241051f49f203833a930dc59d5da931328a5526360893932451ce18e62d18fd3f0f8d233c2f63be7b1fad82bd4e681917eec411', 1, 3, 'female', 'men', ' I love buying new things but I hate spending money.', '1983-02-08', 2, 0, 17.4569, 121.746, '2019-01-03 00:00:00'),
(15, 'Mabel', 'Nelhams', 'mnelhamse', 'mnelhamse@dedecms.com', '$2b$10$.89MJ9LQvj7T5gs9.ZohROVWQjvudfb2HOIsd7ieHH8fAokvYao1m', '339a512beb21553c312f0143b94241051f49f203833a930dc59d5da931328a5526360893932451ce18e62d18fd3f0f8d233c2f63be7b1fad82bd4e681917eec445', 1, 3, 'male', 'women', ' I love buying new things but I hate spending money.', '1982-03-28', 4, 1, 52.4867, 13.4344, '2019-01-04 00:00:00'),
(16, 'Arther', 'Langrish', 'alangrishf', 'alangrishf@symantec.com', '$2b$10$.89MJ9LQvj7T5gs9.ZohROVWQjvudfb2HOIsd7ieHH8fAokvYao1m', '339a512beb21553c312f0143b94241051f49f203833a930dc59d5da931328a5526360893932451ce18e62d18fd3f0f8d233c2f63be7b1fad82bd4e681917eec411', 1, 3, 'female', 'men', ' I love buying new things but I hate spending money.', '1976-09-11', 4, 1, 22.3859, 111.689, '2019-01-04 00:00:00'),
(17, 'Rurik', 'Cantua', 'rcantuag', 'rcantuag@dell.com', '$2b$10$.89MJ9LQvj7T5gs9.ZohROVWQjvudfb2HOIsd7ieHH8fAokvYao1m', '339a512beb21553c312f0143b94241051f49f203833a930dc59d5da931328a5526360893932451ce18e62d18fd3f0f8d233c2f63be7b1fad82bd4e681917eec445', 1, 3, 'female', 'women', ' I love buying new things but I hate spending money.', '1988-12-12', 3, 0, 48.9184, 34.4967, '2019-01-07 00:00:00'),
(18, 'Lucais', 'Easby', 'leasbyh', 'leasbyh@salon.com', '$2b$10$.89MJ9LQvj7T5gs9.ZohROVWQjvudfb2HOIsd7ieHH8fAokvYao1m', '339a512beb21553c312f0143b94241051f49f203833a930dc59d5da931328a5526360893932451ce18e62d18fd3f0f8d233c2f63be7b1fad82bd4e681917eec411', 1, 3, 'male', 'women', ' I love buying new things but I hate spending money.', '1976-02-22', 1, 0, 51.5618, 7.10909, '2019-12-31 00:15:13'),
(19, 'Maxwell', 'Cherry', 'mcherryholmei', 'mcherryholmei@dyndns.org', '$2b$10$.89MJ9LQvj7T5gs9.ZohROVWQjvudfb2HOIsd7ieHH8fAokvYao1m', '339a512beb21553c312f0143b94241051f49f203833a930dc59d5da931328a5526360893932451ce18e62d18fd3f0f8d233c2f63be7b1fad82bd4e681917eec411', 1, 3, 'female', 'women', 'Beauty of L.A ;)  <3', '1971-06-06', 5, 0, 34.135, -118.151, '2020-01-04 11:06:17'),
(20, 'Stacee', 'Finnimore', 'sfinnimorej', 'sfinnimorej@house.gov', '$2b$10$.89MJ9LQvj7T5gs9.ZohROVWQjvudfb2HOIsd7ieHH8fAokvYao1m', '339a512beb21553c312f0143b94241051f49f203833a930dc59d5da931328a5526360893932451ce18e62d18fd3f0f8d233c2f63be7b1fad82bd4e681917eec411', 1, 3, 'female', 'women', ' I love buying new things but I hate spending money.', '1991-12-24', 1, 0, 55.8889, 37.5584, '2019-01-06 00:00:00'),
(21, 'Alex', 'Dunican', 'adunicank', 'adunicank@sina.com.cn', '$2b$10$.89MJ9LQvj7T5gs9.ZohROVWQjvudfb2HOIsd7ieHH8fAokvYao1m', '339a512beb21553c312f0143b94241051f49f203833a930dc59d5da931328a5526360893932451ce18e62d18fd3f0f8d233c2f63be7b1fad82bd4e681917eec411', 1, 3, 'male', 'women', ' I love buying new things but I hate spending money.', '1972-06-29', 1, 1, 48.4981, -81.3463, '2019-01-04 00:00:00'),
(22, 'Phineas', 'Garbar', 'pgarbarl', 'pgarbarl@forbes.com', '$2b$10$.89MJ9LQvj7T5gs9.ZohROVWQjvudfb2HOIsd7ieHH8fAokvYao1m', '339a512beb21553c312f0143b94241051f49f203833a930dc59d5da931328a5526360893932451ce18e62d18fd3f0f8d233c2f63be7b1fad82bd4e681917eec445', 1, 3, 'female', 'women', ' I love buying new things but I hate spending money.', '1991-06-02', 0, 1, 53.15, 140.663, '2019-01-02 00:00:00'),
(23, 'Carley', 'Oscroft', 'coscroftm', 'coscroftm@360.cn', '$2b$10$.89MJ9LQvj7T5gs9.ZohROVWQjvudfb2HOIsd7ieHH8fAokvYao1m', '339a512beb21553c312f0143b94241051f49f203833a930dc59d5da931328a5526360893932451ce18e62d18fd3f0f8d233c2f63be7b1fad82bd4e681917eec411', 1, 3, 'male', 'women', ' I love buying new things but I hate spending money.', '1979-11-17', 3, 0, 30.3554, 105.456, '2019-01-03 00:00:00'),
(24, 'Onofredo', 'Pedrocco', 'opedroccon', 'opedroccon@cafepress.com', '$2b$10$.89MJ9LQvj7T5gs9.ZohROVWQjvudfb2HOIsd7ieHH8fAokvYao1m', '339a512beb21553c312f0143b94241051f49f203833a930dc59d5da931328a5526360893932451ce18e62d18fd3f0f8d233c2f63be7b1fad82bd4e681917eec411', 1, 3, 'male', 'men', ' I love buying new things but I hate spending money.', '1991-02-11', 4, 0, 15.2113, 120.028, '2019-01-09 00:00:00'),
(25, 'Andrus', 'Rush', 'arusho', 'arusho@loc.gov', '$2b$10$.89MJ9LQvj7T5gs9.ZohROVWQjvudfb2HOIsd7ieHH8fAokvYao1m', '339a512beb21553c312f0143b94241051f49f203833a930dc59d5da931328a5526360893932451ce18e62d18fd3f0f8d233c2f63be7b1fad82bd4e681917eec445', 1, 3, 'female', 'both', ' I love buying new things but I hate spending money.', '1982-11-18', 5, 0, 47.5962, 21.6427, '2019-01-07 00:00:00'),
(26, 'Nollie', 'Dinnage', 'ndinnagep', 'ndinnagep@kickstarter.com', '$2b$10$.89MJ9LQvj7T5gs9.ZohROVWQjvudfb2HOIsd7ieHH8fAokvYao1m', '339a512beb21553c312f0143b94241051f49f203833a930dc59d5da931328a5526360893932451ce18e62d18fd3f0f8d233c2f63be7b1fad82bd4e681917eec445', 1, 3, 'male', 'men', ' I love buying new things but I hate spending money.', '1992-05-13', 0, 0, 14.6701, 121.108, '2019-01-11 00:00:00'),
(27, 'Eloisa', 'Moncaster', 'emoncasterq', 'emoncasterq@disqus.com', '$2b$10$.89MJ9LQvj7T5gs9.ZohROVWQjvudfb2HOIsd7ieHH8fAokvYao1m', '339a512beb21553c312f0143b94241051f49f203833a930dc59d5da931328a5526360893932451ce18e62d18fd3f0f8d233c2f63be7b1fad82bd4e681917eec445', 1, 3, 'male', 'men', ' I love buying new things but I hate spending money.', '1995-11-20', 3, 1, 16.9447, 104.723, '2019-01-06 00:00:00'),
(28, 'Alyse', 'Wildgoose', 'awildgooser', 'awildgooser@goo.gl', '$2b$10$.89MJ9LQvj7T5gs9.ZohROVWQjvudfb2HOIsd7ieHH8fAokvYao1m', '339a512beb21553c312f0143b94241051f49f203833a930dc59d5da931328a5526360893932451ce18e62d18fd3f0f8d233c2f63be7b1fad82bd4e681917eec445', 1, 3, 'female', 'men', ' I love buying new things but I hate spending money.', '1978-08-31', 4, 1, 0.594895, -77.8281, '2019-01-06 00:00:00'),
(29, 'Seana', 'Dymoke', 'sdymokes', 'sdymokes@theguardian.com', '$2b$10$.89MJ9LQvj7T5gs9.ZohROVWQjvudfb2HOIsd7ieHH8fAokvYao1m', '339a512beb21553c312f0143b94241051f49f203833a930dc59d5da931328a5526360893932451ce18e62d18fd3f0f8d233c2f63be7b1fad82bd4e681917eec411', 1, 3, 'female', 'women', ' I love buying new things but I hate spending money.', '1976-07-28', 3, 0, 11.5012, 122.312, '2019-01-01 00:00:00'),
(30, 'Wendye', 'Spreag', 'wspreagt', 'wspreagt@edublogs.org', '$2b$10$.89MJ9LQvj7T5gs9.ZohROVWQjvudfb2HOIsd7ieHH8fAokvYao1m', '339a512beb21553c312f0143b94241051f49f203833a930dc59d5da931328a5526360893932451ce18e62d18fd3f0f8d233c2f63be7b1fad82bd4e681917eec411', 1, 3, 'female', 'women', ' I love buying new things but I hate spending money.', '1982-08-30', 3, 0, 19.9276, -72.7141, '2019-01-08 00:00:00'),
(31, 'Jenni', 'Isakowicz', 'jisakowiczu', 'jisakowiczu@salon.com', '$2b$10$.89MJ9LQvj7T5gs9.ZohROVWQjvudfb2HOIsd7ieHH8fAokvYao1m', '339a512beb21553c312f0143b94241051f49f203833a930dc59d5da931328a5526360893932451ce18e62d18fd3f0f8d233c2f63be7b1fad82bd4e681917eec445', 1, 3, 'female', 'women', ' I love buying new things but I hate spending money.', '1994-09-15', 1, 0, 52.3468, 21.254, '2019-01-04 00:00:00'),
(32, 'Gav', 'Lightbowne', 'glightbownev', 'glightbownev@reuters.com', '$2b$10$.89MJ9LQvj7T5gs9.ZohROVWQjvudfb2HOIsd7ieHH8fAokvYao1m', '339a512beb21553c312f0143b94241051f49f203833a930dc59d5da931328a5526360893932451ce18e62d18fd3f0f8d233c2f63be7b1fad82bd4e681917eec411', 1, 3, 'female', 'women', ' I love buying new things but I hate spending money.', '1972-05-18', 4, 0, 44.3308, -78.3216, '2019-01-11 00:00:00'),
(33, 'Teriann', 'Scotti', 'tscottiw', 'tscottiw@etsy.com', '$2b$10$.89MJ9LQvj7T5gs9.ZohROVWQjvudfb2HOIsd7ieHH8fAokvYao1m', '339a512beb21553c312f0143b94241051f49f203833a930dc59d5da931328a5526360893932451ce18e62d18fd3f0f8d233c2f63be7b1fad82bd4e681917eec445', 1, 3, 'male', 'women', ' I love buying new things but I hate spending money.', '1993-02-16', 4, 1, 43.4946, 5.8978, '2019-01-06 00:00:00'),
(34, 'Shanon', 'Santello', 'ssantellox', 'ssantellox@hp.com', '$2b$10$.89MJ9LQvj7T5gs9.ZohROVWQjvudfb2HOIsd7ieHH8fAokvYao1m', '339a512beb21553c312f0143b94241051f49f203833a930dc59d5da931328a5526360893932451ce18e62d18fd3f0f8d233c2f63be7b1fad82bd4e681917eec445', 1, 3, 'female', 'men', ' I love buying new things but I hate spending money.', '1972-01-18', 1, 1, 50.1082, 18.4302, '2019-01-10 00:00:00'),
(35, 'Melinde', 'Ferretti', 'mferrettiy', 'mferrettiy@bloglovin.com', '$2b$10$.89MJ9LQvj7T5gs9.ZohROVWQjvudfb2HOIsd7ieHH8fAokvYao1m', '339a512beb21553c312f0143b94241051f49f203833a930dc59d5da931328a5526360893932451ce18e62d18fd3f0f8d233c2f63be7b1fad82bd4e681917eec445', 1, 3, 'male', 'both', ' I love buying new things but I hate spending money.', '1984-10-30', 3, 0, -22.7042, -46.9855, '2019-01-09 00:00:00'),
(36, 'Konstantin', 'Georg', 'kgeorgz', 'kgeorgz@gmpg.org', '$2b$10$.89MJ9LQvj7T5gs9.ZohROVWQjvudfb2HOIsd7ieHH8fAokvYao1m', '339a512beb21553c312f0143b94241051f49f203833a930dc59d5da931328a5526360893932451ce18e62d18fd3f0f8d233c2f63be7b1fad82bd4e681917eec411', 1, 3, 'female', 'both', ' I love buying new things but I hate spending money.', '1986-04-01', 5, 0, -6.08573, 106.709, '2019-01-03 00:00:00'),
(37, 'Alasteir', 'Fusco', 'afusco10', 'afusco10@webeden.co.uk', '$2b$10$.89MJ9LQvj7T5gs9.ZohROVWQjvudfb2HOIsd7ieHH8fAokvYao1m', '339a512beb21553c312f0143b94241051f49f203833a930dc59d5da931328a5526360893932451ce18e62d18fd3f0f8d233c2f63be7b1fad82bd4e681917eec445', 1, 3, 'female', 'women', ' I love buying new things but I hate spending money.', '1994-01-07', 1, 1, 39.0527, 116.924, '2019-01-08 00:00:00'),
(38, 'Alana', 'Rowden', 'arowden11', 'arowden11@cdc.gov', '$2b$10$.89MJ9LQvj7T5gs9.ZohROVWQjvudfb2HOIsd7ieHH8fAokvYao1m', '339a512beb21553c312f0143b94241051f49f203833a930dc59d5da931328a5526360893932451ce18e62d18fd3f0f8d233c2f63be7b1fad82bd4e681917eec445', 1, 3, 'female', 'men', ' I love buying new things but I hate spending money.', '1990-10-24', 0, 1, -13.0719, -39.5099, '2019-01-07 00:00:00'),
(39, 'Malinda', 'Stockall', 'mstockall12', 'mstockall12@multiply.com', '$2b$10$.89MJ9LQvj7T5gs9.ZohROVWQjvudfb2HOIsd7ieHH8fAokvYao1m', '339a512beb21553c312f0143b94241051f49f203833a930dc59d5da931328a5526360893932451ce18e62d18fd3f0f8d233c2f63be7b1fad82bd4e681917eec411', 1, 3, 'male', 'men', ' I love buying new things but I hate spending money.', '1973-12-07', 4, 0, 39.2674, 141.862, '2019-01-05 00:00:00'),
(40, 'Mahala', 'Giffard', 'mgiffard13', 'mgiffard13@loc.gov', '$2b$10$.89MJ9LQvj7T5gs9.ZohROVWQjvudfb2HOIsd7ieHH8fAokvYao1m', '339a512beb21553c312f0143b94241051f49f203833a930dc59d5da931328a5526360893932451ce18e62d18fd3f0f8d233c2f63be7b1fad82bd4e681917eec445', 1, 3, 'male', 'women', ' I love buying new things but I hate spending money.', '1995-07-27', 5, 1, -34.6638, -58.5018, '2019-01-11 00:00:00'),
(41, 'Sayers', 'Wem', 'swem14', 'swem14@livejournal.com', '$2b$10$.89MJ9LQvj7T5gs9.ZohROVWQjvudfb2HOIsd7ieHH8fAokvYao1m', '339a512beb21553c312f0143b94241051f49f203833a930dc59d5da931328a5526360893932451ce18e62d18fd3f0f8d233c2f63be7b1fad82bd4e681917eec411', 1, 3, 'male', 'men', ' I love buying new things but I hate spending money.', '1978-08-16', 0, 1, -3.20237, -45.0373, '2019-01-09 00:00:00'),
(42, 'Cristine', 'Delwater', 'cdelwater15', 'cdelwater15@nsw.gov.au', '$2b$10$.89MJ9LQvj7T5gs9.ZohROVWQjvudfb2HOIsd7ieHH8fAokvYao1m', '339a512beb21553c312f0143b94241051f49f203833a930dc59d5da931328a5526360893932451ce18e62d18fd3f0f8d233c2f63be7b1fad82bd4e681917eec411', 1, 3, 'female', 'men', ' I love buying new things but I hate spending money.', '1975-06-23', 1, 0, -6.77645, -76.2899, '2019-01-09 00:00:00'),
(43, 'Levi', 'Cochran', 'lcochran16', 'lcochran16@themeforest.net', '$2b$10$.89MJ9LQvj7T5gs9.ZohROVWQjvudfb2HOIsd7ieHH8fAokvYao1m', '339a512beb21553c312f0143b94241051f49f203833a930dc59d5da931328a5526360893932451ce18e62d18fd3f0f8d233c2f63be7b1fad82bd4e681917eec411', 1, 3, 'female', 'both', ' I love buying new things but I hate spending money.', '1979-01-16', 1, 1, 54.9267, 60.7611, '2019-01-09 00:00:00'),
(44, 'Elvira', 'Oakenfield', 'eoakenfield17', 'eoakenfield17@diigo.com', '$2b$10$.89MJ9LQvj7T5gs9.ZohROVWQjvudfb2HOIsd7ieHH8fAokvYao1m', '339a512beb21553c312f0143b94241051f49f203833a930dc59d5da931328a5526360893932451ce18e62d18fd3f0f8d233c2f63be7b1fad82bd4e681917eec411', 1, 3, 'male', 'women', ' I love buying new things but I hate spending money.', '1996-06-21', 3, 1, -6.72999, 107.359, '2019-01-01 00:00:00'),
(45, 'Read', 'Frankis', 'rfrankis18', 'rfrankis18@yellowpages.com', '$2b$10$.89MJ9LQvj7T5gs9.ZohROVWQjvudfb2HOIsd7ieHH8fAokvYao1m', '339a512beb21553c312f0143b94241051f49f203833a930dc59d5da931328a5526360893932451ce18e62d18fd3f0f8d233c2f63be7b1fad82bd4e681917eec445', 1, 3, 'female', 'men', ' I love buying new things but I hate spending money.', '1979-09-24', 4, 0, -6.77579, 111.747, '2019-01-01 00:00:00'),
(46, 'Vance', 'Stephens', 'vstephens19', 'vstephens19@edublogs.org', '$2b$10$.89MJ9LQvj7T5gs9.ZohROVWQjvudfb2HOIsd7ieHH8fAokvYao1m', '339a512beb21553c312f0143b94241051f49f203833a930dc59d5da931328a5526360893932451ce18e62d18fd3f0f8d233c2f63be7b1fad82bd4e681917eec445', 1, 3, 'male', 'both', ' I love buying new things but I hate spending money.', '1987-06-07', 2, 0, -20.0171, -45.9795, '2019-01-01 00:00:00'),
(47, 'Ambrose', 'Follos', 'afollos1a', 'afollos1a@histats.com', '$2b$10$.89MJ9LQvj7T5gs9.ZohROVWQjvudfb2HOIsd7ieHH8fAokvYao1m', '339a512beb21553c312f0143b94241051f49f203833a930dc59d5da931328a5526360893932451ce18e62d18fd3f0f8d233c2f63be7b1fad82bd4e681917eec411', 1, 3, 'female', 'both', ' I love buying new things but I hate spending money.', '1987-02-11', 5, 0, 46.4483, 39.6777, '2019-01-06 00:00:00'),
(48, 'Gael', 'Howels', 'ghowels1b', 'ghowels1b@nsw.gov.au', '$2b$10$.89MJ9LQvj7T5gs9.ZohROVWQjvudfb2HOIsd7ieHH8fAokvYao1m', '339a512beb21553c312f0143b94241051f49f203833a930dc59d5da931328a5526360893932451ce18e62d18fd3f0f8d233c2f63be7b1fad82bd4e681917eec411', 1, 3, 'female', 'women', ' I love buying new things but I hate spending money.', '1987-02-27', 1, 0, 43.4946, 5.8978, '2019-01-01 00:00:00'),
(49, 'Darbie', 'Shapcote', 'dshapcote1c', 'dshapcote1c@businesswire.com', '$2b$10$.89MJ9LQvj7T5gs9.ZohROVWQjvudfb2HOIsd7ieHH8fAokvYao1m', '339a512beb21553c312f0143b94241051f49f203833a930dc59d5da931328a5526360893932451ce18e62d18fd3f0f8d233c2f63be7b1fad82bd4e681917eec445', 1, 3, 'female', 'both', ' I love buying new things but I hate spending money.', '1981-07-19', 3, 1, 31.1377, 121.319, '2019-01-10 00:00:00'),
(50, 'Krisha', 'Chumley', 'kchumley1d', 'kchumley1d@usatoday.com', '$2b$10$.89MJ9LQvj7T5gs9.ZohROVWQjvudfb2HOIsd7ieHH8fAokvYao1m', '339a512beb21553c312f0143b94241051f49f203833a930dc59d5da931328a5526360893932451ce18e62d18fd3f0f8d233c2f63be7b1fad82bd4e681917eec445', 1, 3, 'male', 'women', ' I love buying new things but I hate spending money.', '1981-11-09', 5, 0, 50.1047, 17.1303, '2019-01-07 00:00:00'),
(51, 'Shaw', 'Dallow', 'sdallow1e', 'sdallow1e@wufoo.com', '$2b$10$.89MJ9LQvj7T5gs9.ZohROVWQjvudfb2HOIsd7ieHH8fAokvYao1m', '339a512beb21553c312f0143b94241051f49f203833a930dc59d5da931328a5526360893932451ce18e62d18fd3f0f8d233c2f63be7b1fad82bd4e681917eec411', 1, 3, 'female', 'men', ' I love buying new things but I hate spending money.', '1985-08-15', 4, 0, -19.9125, -41.4813, '2019-01-08 00:00:00'),
(52, 'Ahmed', 'Krauss', 'akrauss1f', 'akrauss1f@godaddy.com', '$2b$10$.89MJ9LQvj7T5gs9.ZohROVWQjvudfb2HOIsd7ieHH8fAokvYao1m', '339a512beb21553c312f0143b94241051f49f203833a930dc59d5da931328a5526360893932451ce18e62d18fd3f0f8d233c2f63be7b1fad82bd4e681917eec411', 1, 3, 'female', 'women', ' I love buying new things but I hate spending money.', '1996-08-18', 2, 1, 19.6939, -99.2592, '2019-01-06 00:00:00'),
(53, 'Pren', 'Boutellier', 'pboutellier1g', 'pboutellier1g@google.com', '$2b$10$.89MJ9LQvj7T5gs9.ZohROVWQjvudfb2HOIsd7ieHH8fAokvYao1m', '339a512beb21553c312f0143b94241051f49f203833a930dc59d5da931328a5526360893932451ce18e62d18fd3f0f8d233c2f63be7b1fad82bd4e681917eec411', 1, 3, 'female', 'both', ' I love buying new things but I hate spending money.', '1971-02-09', 1, 1, -9.92467, -48.2593, '2019-01-05 00:00:00'),
(54, 'Erskine', 'Purdom', 'epurdom1h', 'epurdom1h@hatena.ne.jp', '$2b$10$.89MJ9LQvj7T5gs9.ZohROVWQjvudfb2HOIsd7ieHH8fAokvYao1m', '339a512beb21553c312f0143b94241051f49f203833a930dc59d5da931328a5526360893932451ce18e62d18fd3f0f8d233c2f63be7b1fad82bd4e681917eec445', 1, 3, 'male', 'men', ' I love buying new things but I hate spending money.', '1972-05-13', 5, 0, 36.9518, 102.495, '2019-01-01 00:00:00'),
(55, 'Zorina', 'Delort', 'zdelort1i', 'zdelort1i@wiley.com', '$2b$10$.89MJ9LQvj7T5gs9.ZohROVWQjvudfb2HOIsd7ieHH8fAokvYao1m', '339a512beb21553c312f0143b94241051f49f203833a930dc59d5da931328a5526360893932451ce18e62d18fd3f0f8d233c2f63be7b1fad82bd4e681917eec411', 1, 3, 'male', 'women', ' I love buying new things but I hate spending money.', '1988-02-11', 0, 1, 60.4254, 16.5439, '2019-01-06 00:00:00'),
(56, 'Caryn', 'Kohnen', 'ckohnen1j', 'ckohnen1j@google.ca', '$2b$10$.89MJ9LQvj7T5gs9.ZohROVWQjvudfb2HOIsd7ieHH8fAokvYao1m', '339a512beb21553c312f0143b94241051f49f203833a930dc59d5da931328a5526360893932451ce18e62d18fd3f0f8d233c2f63be7b1fad82bd4e681917eec411', 1, 3, 'female', 'women', ' I love buying new things but I hate spending money.', '1984-08-08', 2, 1, 13.1226, 5.50531, '2019-01-07 00:00:00'),
(57, 'Shelby', 'Dominy', 'sdominy1k', 'sdominy1k@reference.com', '$2b$10$.89MJ9LQvj7T5gs9.ZohROVWQjvudfb2HOIsd7ieHH8fAokvYao1m', '339a512beb21553c312f0143b94241051f49f203833a930dc59d5da931328a5526360893932451ce18e62d18fd3f0f8d233c2f63be7b1fad82bd4e681917eec445', 1, 3, 'male', 'women', ' I love buying new things but I hate spending money.', '1976-09-13', 1, 1, 29.9853, 122.207, '2019-01-10 00:00:00'),
(58, 'Laverne', 'Castleton', 'lcastleton1l', 'lcastleton1l@wufoo.com', '$2b$10$.89MJ9LQvj7T5gs9.ZohROVWQjvudfb2HOIsd7ieHH8fAokvYao1m', '339a512beb21553c312f0143b94241051f49f203833a930dc59d5da931328a5526360893932451ce18e62d18fd3f0f8d233c2f63be7b1fad82bd4e681917eec411', 1, 3, 'female', 'women', ' I love buying new things but I hate spending money.', '1973-09-08', 0, 0, -27.923, 24.8345, '2019-01-05 00:00:00'),
(59, 'Jolee', 'Farny', 'jfarny1m', 'jfarny1m@homestead.com', '$2b$10$.89MJ9LQvj7T5gs9.ZohROVWQjvudfb2HOIsd7ieHH8fAokvYao1m', '339a512beb21553c312f0143b94241051f49f203833a930dc59d5da931328a5526360893932451ce18e62d18fd3f0f8d233c2f63be7b1fad82bd4e681917eec411', 1, 3, 'female', 'women', ' I love buying new things but I hate spending money.', '1991-11-14', 1, 0, 39.2028, 113.117, '2019-01-04 00:00:00'),
(60, 'Miran', 'Margach', 'mmargach1n', 'mmargach1n@dropbox.com', '$2b$10$.89MJ9LQvj7T5gs9.ZohROVWQjvudfb2HOIsd7ieHH8fAokvYao1m', '339a512beb21553c312f0143b94241051f49f203833a930dc59d5da931328a5526360893932451ce18e62d18fd3f0f8d233c2f63be7b1fad82bd4e681917eec445', 1, 3, 'male', 'men', ' I love buying new things but I hate spending money.', '1975-01-15', 0, 0, 15.1956, 104.83, '2019-01-05 00:00:00'),
(61, 'Jo', 'Crocetto', 'jcrocetto1o', 'jcrocetto1o@unc.edu', '$2b$10$.89MJ9LQvj7T5gs9.ZohROVWQjvudfb2HOIsd7ieHH8fAokvYao1m', '339a512beb21553c312f0143b94241051f49f203833a930dc59d5da931328a5526360893932451ce18e62d18fd3f0f8d233c2f63be7b1fad82bd4e681917eec445', 1, 3, 'male', 'women', ' I love buying new things but I hate spending money.', '1979-03-04', 3, 0, 55.4308, 37.5422, '2019-01-01 00:00:00'),
(62, 'Claudius', 'Corradeschi', 'ccorradeschi1p', 'ccorradeschi1p@pbs.org', '$2b$10$.89MJ9LQvj7T5gs9.ZohROVWQjvudfb2HOIsd7ieHH8fAokvYao1m', '339a512beb21553c312f0143b94241051f49f203833a930dc59d5da931328a5526360893932451ce18e62d18fd3f0f8d233c2f63be7b1fad82bd4e681917eec411', 1, 3, 'male', 'both', ' I love buying new things but I hate spending money.', '1977-08-08', 4, 1, 37.6179, 120.396, '2019-01-03 00:00:00'),
(63, 'Hertha', 'Vanns', 'hvanns1q', 'hvanns1q@yandex.ru', '$2b$10$.89MJ9LQvj7T5gs9.ZohROVWQjvudfb2HOIsd7ieHH8fAokvYao1m', '339a512beb21553c312f0143b94241051f49f203833a930dc59d5da931328a5526360893932451ce18e62d18fd3f0f8d233c2f63be7b1fad82bd4e681917eec411', 1, 3, 'female', 'women', ' I love buying new things but I hate spending money.', '1973-09-17', 2, 0, 54.4168, 27.293, '2019-01-02 00:00:00'),
(64, 'Xavier', 'Kidstone', 'xkidstone1r', 'xkidstone1r@edublogs.org', '$2b$10$.89MJ9LQvj7T5gs9.ZohROVWQjvudfb2HOIsd7ieHH8fAokvYao1m', '339a512beb21553c312f0143b94241051f49f203833a930dc59d5da931328a5526360893932451ce18e62d18fd3f0f8d233c2f63be7b1fad82bd4e681917eec445', 1, 3, 'male', 'both', ' I love buying new things but I hate spending money.', '1980-11-15', 4, 0, 13.2394, 99.7902, '2019-01-10 00:00:00'),
(65, 'Colet', 'O\'Deegan', 'codeegan1s', 'codeegan1s@cornell.edu', '$2b$10$.89MJ9LQvj7T5gs9.ZohROVWQjvudfb2HOIsd7ieHH8fAokvYao1m', '339a512beb21553c312f0143b94241051f49f203833a930dc59d5da931328a5526360893932451ce18e62d18fd3f0f8d233c2f63be7b1fad82bd4e681917eec445', 1, 3, 'female', 'women', ' I love buying new things but I hate spending money.', '1997-01-06', 3, 1, 41.2676, -8.1984, '2019-01-07 00:00:00'),
(66, 'Ernest', 'Beament', 'ebeament1t', 'ebeament1t@slideshare.net', '$2b$10$.89MJ9LQvj7T5gs9.ZohROVWQjvudfb2HOIsd7ieHH8fAokvYao1m', '339a512beb21553c312f0143b94241051f49f203833a930dc59d5da931328a5526360893932451ce18e62d18fd3f0f8d233c2f63be7b1fad82bd4e681917eec445', 1, 3, 'male', 'women', ' I love buying new things but I hate spending money.', '1979-10-16', 4, 1, 49.9749, 82.6017, '2019-01-10 00:00:00'),
(67, 'Rosina', 'Lukacs', 'rlukacs1u', 'rlukacs1u@marriott.com', '$2b$10$.89MJ9LQvj7T5gs9.ZohROVWQjvudfb2HOIsd7ieHH8fAokvYao1m', '339a512beb21553c312f0143b94241051f49f203833a930dc59d5da931328a5526360893932451ce18e62d18fd3f0f8d233c2f63be7b1fad82bd4e681917eec445', 1, 3, 'male', 'men', ' I love buying new things but I hate spending money.', '1992-02-14', 1, 0, 4.60968, 101.106, '2019-01-10 00:00:00'),
(68, 'Winonah', 'Vardy', 'wvardy1v', 'wvardy1v@fc2.com', '$2b$10$.89MJ9LQvj7T5gs9.ZohROVWQjvudfb2HOIsd7ieHH8fAokvYao1m', '339a512beb21553c312f0143b94241051f49f203833a930dc59d5da931328a5526360893932451ce18e62d18fd3f0f8d233c2f63be7b1fad82bd4e681917eec445', 1, 3, 'male', 'both', ' I love buying new things but I hate spending money.', '1977-05-16', 5, 1, 58.9956, 16.2055, '2019-01-05 00:00:00'),
(69, 'Gunar', 'Josefer', 'gjosefer1w', 'gjosefer1w@flickr.com', '$2b$10$.89MJ9LQvj7T5gs9.ZohROVWQjvudfb2HOIsd7ieHH8fAokvYao1m', '339a512beb21553c312f0143b94241051f49f203833a930dc59d5da931328a5526360893932451ce18e62d18fd3f0f8d233c2f63be7b1fad82bd4e681917eec411', 1, 3, 'female', 'men', ' I love buying new things but I hate spending money.', '1985-05-05', 3, 0, 44.6254, 18.4538, '2019-01-04 00:00:00'),
(70, 'Harp', 'Joyce', 'hjoyce1x', 'hjoyce1x@fastcompany.com', '$2b$10$.89MJ9LQvj7T5gs9.ZohROVWQjvudfb2HOIsd7ieHH8fAokvYao1m', '339a512beb21553c312f0143b94241051f49f203833a930dc59d5da931328a5526360893932451ce18e62d18fd3f0f8d233c2f63be7b1fad82bd4e681917eec445', 1, 3, 'female', 'both', ' I love buying new things but I hate spending money.', '1972-05-08', 1, 0, 40.6401, 22.9444, '2019-01-09 00:00:00'),
(71, 'Hallie', 'Chapelhow', 'hchapelhow1y', 'hchapelhow1y@merriam-webster.com', '$2b$10$.89MJ9LQvj7T5gs9.ZohROVWQjvudfb2HOIsd7ieHH8fAokvYao1m', '339a512beb21553c312f0143b94241051f49f203833a930dc59d5da931328a5526360893932451ce18e62d18fd3f0f8d233c2f63be7b1fad82bd4e681917eec445', 1, 3, 'male', 'women', ' I love buying new things but I hate spending money.', '1997-08-30', 4, 1, 47.236, 127.115, '2019-01-06 00:00:00'),
(72, 'Irwin', 'Evitts', 'ievitts1z', 'ievitts1z@amazon.co.jp', '$2b$10$.89MJ9LQvj7T5gs9.ZohROVWQjvudfb2HOIsd7ieHH8fAokvYao1m', '339a512beb21553c312f0143b94241051f49f203833a930dc59d5da931328a5526360893932451ce18e62d18fd3f0f8d233c2f63be7b1fad82bd4e681917eec445', 1, 3, 'female', 'men', ' I love buying new things but I hate spending money.', '1984-07-08', 0, 1, 1.03572, 118.065, '2019-01-02 00:00:00'),
(73, 'Nanice', 'Geany', 'ngeany20', 'ngeany20@nydailynews.com', '$2b$10$.89MJ9LQvj7T5gs9.ZohROVWQjvudfb2HOIsd7ieHH8fAokvYao1m', '339a512beb21553c312f0143b94241051f49f203833a930dc59d5da931328a5526360893932451ce18e62d18fd3f0f8d233c2f63be7b1fad82bd4e681917eec411', 1, 3, 'female', 'women', ' I love buying new things but I hate spending money.', '1976-01-11', 1, 0, -7.85339, 111.299, '2019-01-02 00:00:00'),
(74, 'Roman', 'Feltham', 'rfeltham21', 'rfeltham21@friendfeed.com', '$2b$10$.89MJ9LQvj7T5gs9.ZohROVWQjvudfb2HOIsd7ieHH8fAokvYao1m', '339a512beb21553c312f0143b94241051f49f203833a930dc59d5da931328a5526360893932451ce18e62d18fd3f0f8d233c2f63be7b1fad82bd4e681917eec445', 1, 3, 'male', 'men', ' I love buying new things but I hate spending money.', '1997-12-03', 4, 0, 14.4706, 121.005, '2019-01-06 00:00:00'),
(75, 'Duane', 'Crier', 'dcrier22', 'dcrier22@wisc.edu', '$2b$10$.89MJ9LQvj7T5gs9.ZohROVWQjvudfb2HOIsd7ieHH8fAokvYao1m', '339a512beb21553c312f0143b94241051f49f203833a930dc59d5da931328a5526360893932451ce18e62d18fd3f0f8d233c2f63be7b1fad82bd4e681917eec411', 1, 3, 'female', 'both', ' I love buying new things but I hate spending money.', '1994-08-10', 4, 0, 60.1512, 15.1736, '2019-01-05 00:00:00'),
(76, 'Rosetta', 'Grieger', 'rgrieger23', 'rgrieger23@disqus.com', '$2b$10$.89MJ9LQvj7T5gs9.ZohROVWQjvudfb2HOIsd7ieHH8fAokvYao1m', '339a512beb21553c312f0143b94241051f49f203833a930dc59d5da931328a5526360893932451ce18e62d18fd3f0f8d233c2f63be7b1fad82bd4e681917eec445', 1, 3, 'female', 'both', ' I love buying new things but I hate spending money.', '1992-12-12', 4, 1, -6.18564, 106.843, '2019-01-11 00:00:00'),
(77, 'Lotte', 'Mindenhall', 'lmindenhall24', 'lmindenhall24@gnu.org', '$2b$10$.89MJ9LQvj7T5gs9.ZohROVWQjvudfb2HOIsd7ieHH8fAokvYao1m', '339a512beb21553c312f0143b94241051f49f203833a930dc59d5da931328a5526360893932451ce18e62d18fd3f0f8d233c2f63be7b1fad82bd4e681917eec445', 1, 3, 'male', 'men', ' I love buying new things but I hate spending money.', '1983-06-18', 2, 0, -20.1924, 57.4895, '2019-01-09 00:00:00'),
(78, 'Alena', 'Summersby', 'asummersby25', 'asummersby25@kickstarter.com', '$2b$10$.89MJ9LQvj7T5gs9.ZohROVWQjvudfb2HOIsd7ieHH8fAokvYao1m', '339a512beb21553c312f0143b94241051f49f203833a930dc59d5da931328a5526360893932451ce18e62d18fd3f0f8d233c2f63be7b1fad82bd4e681917eec445', 1, 3, 'male', 'men', ' I love buying new things but I hate spending money.', '1991-08-04', 5, 1, -8.37656, 115.192, '2019-01-08 00:00:00'),
(79, 'Kirby', 'Jurca', 'kjurca26', 'kjurca26@hibu.com', '$2b$10$.89MJ9LQvj7T5gs9.ZohROVWQjvudfb2HOIsd7ieHH8fAokvYao1m', '339a512beb21553c312f0143b94241051f49f203833a930dc59d5da931328a5526360893932451ce18e62d18fd3f0f8d233c2f63be7b1fad82bd4e681917eec445', 1, 3, 'female', 'women', ' I love buying new things but I hate spending money.', '1992-02-29', 2, 1, 48.1968, 6.47883, '2019-01-11 00:00:00'),
(80, 'Cayla', 'Goodbanne', 'cgoodbanne27', 'cgoodbanne27@google.cn', '$2b$10$.89MJ9LQvj7T5gs9.ZohROVWQjvudfb2HOIsd7ieHH8fAokvYao1m', '339a512beb21553c312f0143b94241051f49f203833a930dc59d5da931328a5526360893932451ce18e62d18fd3f0f8d233c2f63be7b1fad82bd4e681917eec445', 1, 3, 'male', 'both', ' I love buying new things but I hate spending money.', '1985-11-27', 3, 0, 49.8157, 14.5183, '2019-01-06 00:00:00'),
(81, 'Laverna', 'Sandry', 'lsandry28', 'lsandry28@webs.com', '$2b$10$.89MJ9LQvj7T5gs9.ZohROVWQjvudfb2HOIsd7ieHH8fAokvYao1m', '339a512beb21553c312f0143b94241051f49f203833a930dc59d5da931328a5526360893932451ce18e62d18fd3f0f8d233c2f63be7b1fad82bd4e681917eec445', 1, 3, 'male', 'men', ' I love buying new things but I hate spending money.', '1992-06-25', 5, 0, 14.8306, 120.972, '2019-01-04 00:00:00'),
(82, 'Tammie', 'Kermitt', 'tkermitt29', 'tkermitt29@rambler.ru', '$2b$10$.89MJ9LQvj7T5gs9.ZohROVWQjvudfb2HOIsd7ieHH8fAokvYao1m', '339a512beb21553c312f0143b94241051f49f203833a930dc59d5da931328a5526360893932451ce18e62d18fd3f0f8d233c2f63be7b1fad82bd4e681917eec445', 1, 3, 'male', 'men', ' I love buying new things but I hate spending money.', '1976-01-15', 5, 0, -13.0248, -74.4484, '2019-01-06 00:00:00'),
(83, 'Jefferey', 'Dingsdale', 'jdingsdale2a', 'jdingsdale2a@seesaa.net', '$2b$10$.89MJ9LQvj7T5gs9.ZohROVWQjvudfb2HOIsd7ieHH8fAokvYao1m', '339a512beb21553c312f0143b94241051f49f203833a930dc59d5da931328a5526360893932451ce18e62d18fd3f0f8d233c2f63be7b1fad82bd4e681917eec411', 1, 3, 'female', 'men', ' I love buying new things but I hate spending money.', '1970-12-16', 3, 0, 9.90442, 105.167, '2019-01-09 00:00:00'),
(84, 'Amy', 'Warratt', 'awarratt2b', 'awarratt2b@youku.com', '$2b$10$.89MJ9LQvj7T5gs9.ZohROVWQjvudfb2HOIsd7ieHH8fAokvYao1m', '339a512beb21553c312f0143b94241051f49f203833a930dc59d5da931328a5526360893932451ce18e62d18fd3f0f8d233c2f63be7b1fad82bd4e681917eec445', 1, 3, 'male', 'both', ' I love buying new things but I hate spending money.', '1989-10-11', 5, 0, 36.639, 114.462, '2019-01-08 00:00:00'),
(85, 'Fayette', 'Leonards', 'fleonards2c', 'fleonards2c@typepad.com', '$2b$10$.89MJ9LQvj7T5gs9.ZohROVWQjvudfb2HOIsd7ieHH8fAokvYao1m', '339a512beb21553c312f0143b94241051f49f203833a930dc59d5da931328a5526360893932451ce18e62d18fd3f0f8d233c2f63be7b1fad82bd4e681917eec411', 1, 3, 'male', 'men', ' I love buying new things but I hate spending money.', '1988-06-15', 4, 1, 24.3483, 116.699, '2019-01-04 00:00:00'),
(86, 'Lauralee', 'Farrens', 'lfarrens2d', 'lfarrens2d@java.com', '$2b$10$.89MJ9LQvj7T5gs9.ZohROVWQjvudfb2HOIsd7ieHH8fAokvYao1m', '339a512beb21553c312f0143b94241051f49f203833a930dc59d5da931328a5526360893932451ce18e62d18fd3f0f8d233c2f63be7b1fad82bd4e681917eec411', 1, 3, 'female', 'both', ' I love buying new things but I hate spending money.', '1972-12-10', 1, 1, 40.8824, 122.685, '2019-01-02 00:00:00'),
(87, 'Misti', 'de Lloyd', 'mdelloyd2e', 'mdelloyd2e@va.gov', '$2b$10$.89MJ9LQvj7T5gs9.ZohROVWQjvudfb2HOIsd7ieHH8fAokvYao1m', '339a512beb21553c312f0143b94241051f49f203833a930dc59d5da931328a5526360893932451ce18e62d18fd3f0f8d233c2f63be7b1fad82bd4e681917eec411', 1, 3, 'female', 'men', ' I love buying new things but I hate spending money.', '1980-08-20', 0, 0, 30.1082, 104.677, '2019-01-08 00:00:00'),
(88, 'Toddie', 'Scruby', 'tscruby2f', 'tscruby2f@ebay.com', '$2b$10$.89MJ9LQvj7T5gs9.ZohROVWQjvudfb2HOIsd7ieHH8fAokvYao1m', '339a512beb21553c312f0143b94241051f49f203833a930dc59d5da931328a5526360893932451ce18e62d18fd3f0f8d233c2f63be7b1fad82bd4e681917eec445', 1, 3, 'female', 'women', ' I love buying new things but I hate spending money.', '1989-09-08', 2, 0, 51.288, 15.2299, '2019-01-07 00:00:00'),
(89, 'Alexandrina', 'McClosh', 'amcclosh2g', 'amcclosh2g@infoseek.co.jp', '$2b$10$.89MJ9LQvj7T5gs9.ZohROVWQjvudfb2HOIsd7ieHH8fAokvYao1m', '339a512beb21553c312f0143b94241051f49f203833a930dc59d5da931328a5526360893932451ce18e62d18fd3f0f8d233c2f63be7b1fad82bd4e681917eec411', 1, 3, 'female', 'men', ' I love buying new things but I hate spending money.', '1994-02-28', 0, 0, 8.87029, -79.8101, '2019-01-03 00:00:00'),
(90, 'Asher', 'Bareford', 'abareford2h', 'abareford2h@etsy.com', '$2b$10$.89MJ9LQvj7T5gs9.ZohROVWQjvudfb2HOIsd7ieHH8fAokvYao1m', '339a512beb21553c312f0143b94241051f49f203833a930dc59d5da931328a5526360893932451ce18e62d18fd3f0f8d233c2f63be7b1fad82bd4e681917eec445', 1, 3, 'female', 'women', ' I love buying new things but I hate spending money.', '1978-07-10', 0, 1, -20.2973, 57.4967, '2019-01-10 00:00:00'),
(91, 'Kimble', 'Taylorson', 'ktaylorson2i', 'ktaylorson2i@google.com.au', '$2b$10$.89MJ9LQvj7T5gs9.ZohROVWQjvudfb2HOIsd7ieHH8fAokvYao1m', '339a512beb21553c312f0143b94241051f49f203833a930dc59d5da931328a5526360893932451ce18e62d18fd3f0f8d233c2f63be7b1fad82bd4e681917eec445', 1, 3, 'male', 'women', ' I love buying new things but I hate spending money.', '1982-02-17', 5, 1, 41.2767, 80.239, '2019-01-10 00:00:00'),
(92, 'Merline', 'Abadam', 'mabadam2j', 'mabadam2j@cpanel.net', '$2b$10$.89MJ9LQvj7T5gs9.ZohROVWQjvudfb2HOIsd7ieHH8fAokvYao1m', '339a512beb21553c312f0143b94241051f49f203833a930dc59d5da931328a5526360893932451ce18e62d18fd3f0f8d233c2f63be7b1fad82bd4e681917eec411', 1, 3, 'male', 'women', ' I love buying new things but I hate spending money.', '1988-05-18', 3, 1, 62.4931, 30.2512, '2019-01-11 00:00:00'),
(93, 'Galvin', 'Buckberry', 'gbuckberry2k', 'gbuckberry2k@gov.uk', '$2b$10$.89MJ9LQvj7T5gs9.ZohROVWQjvudfb2HOIsd7ieHH8fAokvYao1m', '339a512beb21553c312f0143b94241051f49f203833a930dc59d5da931328a5526360893932451ce18e62d18fd3f0f8d233c2f63be7b1fad82bd4e681917eec411', 1, 3, 'female', 'both', ' I love buying new things but I hate spending money.', '1987-02-04', 4, 0, 32.5171, 130.603, '2019-01-01 00:00:00'),
(94, 'Alla', 'Yoskowitz', 'ayoskowitz2l', 'ayoskowitz2l@zdnet.com', '$2b$10$.89MJ9LQvj7T5gs9.ZohROVWQjvudfb2HOIsd7ieHH8fAokvYao1m', '339a512beb21553c312f0143b94241051f49f203833a930dc59d5da931328a5526360893932451ce18e62d18fd3f0f8d233c2f63be7b1fad82bd4e681917eec445', 1, 3, 'male', 'women', ' I love buying new things but I hate spending money.', '1988-02-18', 0, 1, -40.4824, 175.301, '2019-01-01 00:00:00'),
(95, 'Fernando', 'Haggerston', 'fhaggerston2m', 'fhaggerston2m@theatlantic.com', '$2b$10$.89MJ9LQvj7T5gs9.ZohROVWQjvudfb2HOIsd7ieHH8fAokvYao1m', '339a512beb21553c312f0143b94241051f49f203833a930dc59d5da931328a5526360893932451ce18e62d18fd3f0f8d233c2f63be7b1fad82bd4e681917eec445', 1, 3, 'female', 'both', ' I love buying new things but I hate spending money.', '1979-05-11', 4, 1, -7.81106, 108.439, '2019-01-10 00:00:00'),
(96, 'Terri-jo', 'Rosson', 'trosson2n', 'trosson2n@cam.ac.uk', '$2b$10$.89MJ9LQvj7T5gs9.ZohROVWQjvudfb2HOIsd7ieHH8fAokvYao1m', '339a512beb21553c312f0143b94241051f49f203833a930dc59d5da931328a5526360893932451ce18e62d18fd3f0f8d233c2f63be7b1fad82bd4e681917eec411', 1, 3, 'male', 'women', ' I love buying new things but I hate spending money.', '1992-01-02', 5, 0, -6.65494, 111.116, '2019-01-08 00:00:00'),
(97, 'Lance', 'Prattington', 'lprattington2o', 'lprattington2o@imageshack.us', '$2b$10$.89MJ9LQvj7T5gs9.ZohROVWQjvudfb2HOIsd7ieHH8fAokvYao1m', '339a512beb21553c312f0143b94241051f49f203833a930dc59d5da931328a5526360893932451ce18e62d18fd3f0f8d233c2f63be7b1fad82bd4e681917eec411', 1, 3, 'male', 'both', ' I love buying new things but I hate spending money.', '1973-02-12', 4, 1, 50.4166, 31.4626, '2019-01-07 00:00:00'),
(98, 'Estevan', 'Mellmer', 'emellmer2p', 'emellmer2p@tinypic.com', '$2b$10$.89MJ9LQvj7T5gs9.ZohROVWQjvudfb2HOIsd7ieHH8fAokvYao1m', '339a512beb21553c312f0143b94241051f49f203833a930dc59d5da931328a5526360893932451ce18e62d18fd3f0f8d233c2f63be7b1fad82bd4e681917eec445', 1, 3, 'female', 'both', ' I love buying new things but I hate spending money.', '1993-03-08', 1, 0, 48.0415, 25.6514, '2019-01-09 00:00:00'),
(99, 'Wynnie', 'Franzotto', 'wfranzotto2q', 'wfranzotto2q@g.co', '$2b$10$.89MJ9LQvj7T5gs9.ZohROVWQjvudfb2HOIsd7ieHH8fAokvYao1m', '339a512beb21553c312f0143b94241051f49f203833a930dc59d5da931328a5526360893932451ce18e62d18fd3f0f8d233c2f63be7b1fad82bd4e681917eec445', 1, 3, 'female', 'both', ' I love buying new things but I hate spending money.', '1979-11-04', 2, 0, -3.88473, 130.897, '2019-01-10 00:00:00'),
(100, 'Eleanore', 'Lukock', 'elukock2r', 'elukock2r@issuu.com', '$2b$10$.89MJ9LQvj7T5gs9.ZohROVWQjvudfb2HOIsd7ieHH8fAokvYao1m', '339a512beb21553c312f0143b94241051f49f203833a930dc59d5da931328a5526360893932451ce18e62d18fd3f0f8d233c2f63be7b1fad82bd4e681917eec445', 1, 3, 'female', 'both', ' I love buying new things but I hate spending money.', '1987-09-13', 2, 1, 22.5514, 114.088, '2019-01-05 00:00:00'),
(101, 'Ammamaria', 'Scripps', 'ascripps2s', 'ascripps2s@weebly.com', '$2b$10$.89MJ9LQvj7T5gs9.ZohROVWQjvudfb2HOIsd7ieHH8fAokvYao1m', '339a512beb21553c312f0143b94241051f49f203833a930dc59d5da931328a5526360893932451ce18e62d18fd3f0f8d233c2f63be7b1fad82bd4e681917eec411', 1, 3, 'male', 'both', ' I love buying new things but I hate spending money.', '1992-12-24', 4, 0, 27.989, -81.6802, '2019-01-08 00:00:00'),
(102, 'Dorris', 'Scrimshaw', 'dscrimshaw2t', 'dscrimshaw2t@apple.com', '$2b$10$.89MJ9LQvj7T5gs9.ZohROVWQjvudfb2HOIsd7ieHH8fAokvYao1m', '339a512beb21553c312f0143b94241051f49f203833a930dc59d5da931328a5526360893932451ce18e62d18fd3f0f8d233c2f63be7b1fad82bd4e681917eec445', 1, 3, 'male', 'women', ' I love buying new things but I hate spending money.', '1982-01-21', 2, 1, 15.9658, 120.41, '2019-01-11 00:00:00'),
(103, 'Afton', 'Eagers', 'aeagers2u', 'aeagers2u@nymag.com', '$2b$10$.89MJ9LQvj7T5gs9.ZohROVWQjvudfb2HOIsd7ieHH8fAokvYao1m', '339a512beb21553c312f0143b94241051f49f203833a930dc59d5da931328a5526360893932451ce18e62d18fd3f0f8d233c2f63be7b1fad82bd4e681917eec445', 1, 3, 'male', 'women', ' I love buying new things but I hate spending money.', '1976-11-14', 1, 0, 12.9816, 7.62227, '2019-01-07 00:00:00'),
(104, 'Hamilton', 'Deshon', 'hdeshon2v', 'hdeshon2v@discovery.com', '$2b$10$.89MJ9LQvj7T5gs9.ZohROVWQjvudfb2HOIsd7ieHH8fAokvYao1m', '339a512beb21553c312f0143b94241051f49f203833a930dc59d5da931328a5526360893932451ce18e62d18fd3f0f8d233c2f63be7b1fad82bd4e681917eec445', 1, 3, 'female', 'men', ' I love buying new things but I hate spending money.', '1982-04-24', 0, 0, 40.1421, 94.662, '2019-01-02 00:00:00'),
(105, 'Gualterio', 'Petruszka', 'gpetruszka2w', 'gpetruszka2w@msn.com', '$2b$10$.89MJ9LQvj7T5gs9.ZohROVWQjvudfb2HOIsd7ieHH8fAokvYao1m', '339a512beb21553c312f0143b94241051f49f203833a930dc59d5da931328a5526360893932451ce18e62d18fd3f0f8d233c2f63be7b1fad82bd4e681917eec445', 1, 3, 'female', 'both', ' I love buying new things but I hate spending money.', '1980-03-08', 0, 0, 14.5933, -90.4962, '2019-01-05 00:00:00'),
(106, 'Ashlie', 'Castiello', 'acastiello2x', 'acastiello2x@umich.edu', '$2b$10$.89MJ9LQvj7T5gs9.ZohROVWQjvudfb2HOIsd7ieHH8fAokvYao1m', '339a512beb21553c312f0143b94241051f49f203833a930dc59d5da931328a5526360893932451ce18e62d18fd3f0f8d233c2f63be7b1fad82bd4e681917eec445', 1, 3, 'male', 'women', ' I love buying new things but I hate spending money.', '1996-03-17', 1, 0, 45.4461, 11.0058, '2019-01-04 00:00:00'),
(107, 'Tamarra', 'Aston', 'taston2y', 'taston2y@ibm.com', '$2b$10$.89MJ9LQvj7T5gs9.ZohROVWQjvudfb2HOIsd7ieHH8fAokvYao1m', '339a512beb21553c312f0143b94241051f49f203833a930dc59d5da931328a5526360893932451ce18e62d18fd3f0f8d233c2f63be7b1fad82bd4e681917eec411', 1, 3, 'female', 'women', ' I love buying new things but I hate spending money.', '1997-10-03', 3, 0, 34.1078, 108.602, '2019-01-01 00:00:00'),
(108, 'Vernon', 'Kisbee', 'vkisbee2z', 'vkisbee2z@theglobeandmail.com', '$2b$10$.89MJ9LQvj7T5gs9.ZohROVWQjvudfb2HOIsd7ieHH8fAokvYao1m', '339a512beb21553c312f0143b94241051f49f203833a930dc59d5da931328a5526360893932451ce18e62d18fd3f0f8d233c2f63be7b1fad82bd4e681917eec411', 1, 3, 'female', 'men', ' I love buying new things but I hate spending money.', '1990-01-24', 0, 1, -3.45939, -79.9668, '2019-01-04 00:00:00'),
(109, 'Margo', 'Pinson', 'mpinson30', 'mpinson30@behance.net', '$2b$10$.89MJ9LQvj7T5gs9.ZohROVWQjvudfb2HOIsd7ieHH8fAokvYao1m', '339a512beb21553c312f0143b94241051f49f203833a930dc59d5da931328a5526360893932451ce18e62d18fd3f0f8d233c2f63be7b1fad82bd4e681917eec445', 1, 3, 'female', 'both', ' I love buying new things but I hate spending money.', '1992-03-11', 0, 1, 48.8315, 84.6068, '2019-01-09 00:00:00'),
(110, 'Lacy', 'Squibe', 'lsquibe31', 'lsquibe31@wikia.com', '$2b$10$.89MJ9LQvj7T5gs9.ZohROVWQjvudfb2HOIsd7ieHH8fAokvYao1m', '339a512beb21553c312f0143b94241051f49f203833a930dc59d5da931328a5526360893932451ce18e62d18fd3f0f8d233c2f63be7b1fad82bd4e681917eec411', 1, 3, 'male', 'women', ' I love buying new things but I hate spending money.', '1979-03-05', 1, 1, -7.50857, -35.3126, '2019-01-04 00:00:00'),
(111, 'Tiff', 'Brothers', 'tbrothers32', 'tbrothers32@histats.com', '$2b$10$.89MJ9LQvj7T5gs9.ZohROVWQjvudfb2HOIsd7ieHH8fAokvYao1m', '339a512beb21553c312f0143b94241051f49f203833a930dc59d5da931328a5526360893932451ce18e62d18fd3f0f8d233c2f63be7b1fad82bd4e681917eec445', 1, 3, 'male', 'men', ' I love buying new things but I hate spending money.', '1991-11-16', 3, 1, 52.1675, 20.8799, '2019-01-03 00:00:00'),
(112, 'Kariotta', 'Pervoe', 'kpervoe33', 'kpervoe33@quantcast.com', '$2b$10$.89MJ9LQvj7T5gs9.ZohROVWQjvudfb2HOIsd7ieHH8fAokvYao1m', '339a512beb21553c312f0143b94241051f49f203833a930dc59d5da931328a5526360893932451ce18e62d18fd3f0f8d233c2f63be7b1fad82bd4e681917eec445', 1, 3, 'female', 'men', ' I love buying new things but I hate spending money.', '1978-11-03', 0, 1, -6.20239, 106.653, '2019-01-10 00:00:00'),
(113, 'Riobard', 'Hodgins', 'rhodgins34', 'rhodgins34@earthlink.net', '$2b$10$.89MJ9LQvj7T5gs9.ZohROVWQjvudfb2HOIsd7ieHH8fAokvYao1m', '339a512beb21553c312f0143b94241051f49f203833a930dc59d5da931328a5526360893932451ce18e62d18fd3f0f8d233c2f63be7b1fad82bd4e681917eec411', 1, 3, 'female', 'men', ' I love buying new things but I hate spending money.', '1972-03-02', 1, 1, 37.3943, 126.957, '2019-01-07 00:00:00'),
(114, 'Regan', 'Einchcombe', 'reinchcombe35', 'reinchcombe35@jugem.jp', '$2b$10$.89MJ9LQvj7T5gs9.ZohROVWQjvudfb2HOIsd7ieHH8fAokvYao1m', '339a512beb21553c312f0143b94241051f49f203833a930dc59d5da931328a5526360893932451ce18e62d18fd3f0f8d233c2f63be7b1fad82bd4e681917eec445', 1, 3, 'male', 'women', ' I love buying new things but I hate spending money.', '1970-06-13', 3, 0, -8.01098, 112.7, '2019-01-10 00:00:00'),
(115, 'Tomi', 'Bundey', 'tbundey36', 'tbundey36@archive.org', '$2b$10$.89MJ9LQvj7T5gs9.ZohROVWQjvudfb2HOIsd7ieHH8fAokvYao1m', '339a512beb21553c312f0143b94241051f49f203833a930dc59d5da931328a5526360893932451ce18e62d18fd3f0f8d233c2f63be7b1fad82bd4e681917eec445', 1, 3, 'female', 'both', ' I love buying new things but I hate spending money.', '1976-01-16', 4, 0, 32.1249, 35.3092, '2019-01-02 00:00:00'),
(116, 'Brittaney', 'McLeman', 'bmcleman37', 'bmcleman37@issuu.com', '$2b$10$.89MJ9LQvj7T5gs9.ZohROVWQjvudfb2HOIsd7ieHH8fAokvYao1m', '339a512beb21553c312f0143b94241051f49f203833a930dc59d5da931328a5526360893932451ce18e62d18fd3f0f8d233c2f63be7b1fad82bd4e681917eec445', 1, 3, 'male', 'both', ' I love buying new things but I hate spending money.', '1972-12-26', 5, 0, 14.927, -89.7161, '2019-01-01 00:00:00'),
(117, 'Clair', 'Snipe', 'csnipe38', 'csnipe38@gravatar.com', '$2b$10$.89MJ9LQvj7T5gs9.ZohROVWQjvudfb2HOIsd7ieHH8fAokvYao1m', '339a512beb21553c312f0143b94241051f49f203833a930dc59d5da931328a5526360893932451ce18e62d18fd3f0f8d233c2f63be7b1fad82bd4e681917eec445', 1, 3, 'female', 'women', ' I love buying new things but I hate spending money.', '1982-05-14', 1, 0, 24.8741, 118.676, '2019-01-02 00:00:00'),
(118, 'Maressa', 'Flinders', 'mflinders39', 'mflinders39@mediafire.com', '$2b$10$.89MJ9LQvj7T5gs9.ZohROVWQjvudfb2HOIsd7ieHH8fAokvYao1m', '339a512beb21553c312f0143b94241051f49f203833a930dc59d5da931328a5526360893932451ce18e62d18fd3f0f8d233c2f63be7b1fad82bd4e681917eec411', 1, 3, 'male', 'men', ' I love buying new things but I hate spending money.', '1989-09-23', 4, 1, 48.1406, 38.9367, '2019-01-11 00:00:00'),
(119, 'Ariana', 'Bowdon', 'abowdon3a', 'abowdon3a@wiley.com', '$2b$10$.89MJ9LQvj7T5gs9.ZohROVWQjvudfb2HOIsd7ieHH8fAokvYao1m', '339a512beb21553c312f0143b94241051f49f203833a930dc59d5da931328a5526360893932451ce18e62d18fd3f0f8d233c2f63be7b1fad82bd4e681917eec445', 1, 3, 'female', 'both', ' I love buying new things but I hate spending money.', '1970-04-19', 4, 0, 35.4907, 112.852, '2019-01-11 00:00:00'),
(120, 'Lewes', 'Ullyatt', 'lullyatt3b', 'lullyatt3b@csmonitor.com', '$2b$10$.89MJ9LQvj7T5gs9.ZohROVWQjvudfb2HOIsd7ieHH8fAokvYao1m', '339a512beb21553c312f0143b94241051f49f203833a930dc59d5da931328a5526360893932451ce18e62d18fd3f0f8d233c2f63be7b1fad82bd4e681917eec411', 1, 3, 'male', 'both', ' I love buying new things but I hate spending money.', '1978-11-05', 3, 1, 49.79, 129.41, '2019-01-05 00:00:00'),
(121, 'Isobel', 'Moubray', 'imoubray3c', 'imoubray3c@nba.com', '$2b$10$.89MJ9LQvj7T5gs9.ZohROVWQjvudfb2HOIsd7ieHH8fAokvYao1m', '339a512beb21553c312f0143b94241051f49f203833a930dc59d5da931328a5526360893932451ce18e62d18fd3f0f8d233c2f63be7b1fad82bd4e681917eec411', 1, 3, 'male', 'men', ' I love buying new things but I hate spending money.', '1975-07-04', 2, 0, 43.1463, 45.9012, '2019-01-02 00:00:00'),
(122, 'Ella', 'Ringsell', 'eringsell3d', 'eringsell3d@dailymail.co.uk', '$2b$10$.89MJ9LQvj7T5gs9.ZohROVWQjvudfb2HOIsd7ieHH8fAokvYao1m', '339a512beb21553c312f0143b94241051f49f203833a930dc59d5da931328a5526360893932451ce18e62d18fd3f0f8d233c2f63be7b1fad82bd4e681917eec445', 1, 3, 'male', 'women', ' I love buying new things but I hate spending money.', '1977-12-01', 0, 1, 42.5909, 22.9834, '2019-01-03 00:00:00'),
(123, 'Debi', 'Nowick', 'dnowick3e', 'dnowick3e@irs.gov', '$2b$10$.89MJ9LQvj7T5gs9.ZohROVWQjvudfb2HOIsd7ieHH8fAokvYao1m', '339a512beb21553c312f0143b94241051f49f203833a930dc59d5da931328a5526360893932451ce18e62d18fd3f0f8d233c2f63be7b1fad82bd4e681917eec411', 1, 3, 'male', 'both', ' I love buying new things but I hate spending money.', '1970-10-17', 1, 0, 25.4952, 103.805, '2019-01-10 00:00:00');
INSERT INTO `users` (`id`, `firstname`, `lastname`, `username`, `email`, `password`, `verif_token`, `confirmed`, `complete`, `gender`, `sexOrient`, `bio`, `birthday`, `rating`, `isOnline`, `latitude`, `longitude`, `lastSignIn`) VALUES
(124, 'Alfredo', 'Caghan', 'acaghan3f', 'acaghan3f@networkadvertising.org', '$2b$10$.89MJ9LQvj7T5gs9.ZohROVWQjvudfb2HOIsd7ieHH8fAokvYao1m', '339a512beb21553c312f0143b94241051f49f203833a930dc59d5da931328a5526360893932451ce18e62d18fd3f0f8d233c2f63be7b1fad82bd4e681917eec411', 1, 3, 'female', 'women', ' I love buying new things but I hate spending money.', '1970-04-01', 4, 1, 45.4776, 124.476, '2019-01-05 00:00:00'),
(125, 'Bethanne', 'Heibl', 'bheibl3g', 'bheibl3g@oakley.com', '$2b$10$.89MJ9LQvj7T5gs9.ZohROVWQjvudfb2HOIsd7ieHH8fAokvYao1m', '339a512beb21553c312f0143b94241051f49f203833a930dc59d5da931328a5526360893932451ce18e62d18fd3f0f8d233c2f63be7b1fad82bd4e681917eec445', 1, 3, 'female', 'men', ' I love buying new things but I hate spending money.', '1974-01-18', 4, 0, 31.5141, -97.1521, '2019-01-03 00:00:00'),
(126, 'Paule', 'Battman', 'pbattman3h', 'pbattman3h@flickr.com', '$2b$10$.89MJ9LQvj7T5gs9.ZohROVWQjvudfb2HOIsd7ieHH8fAokvYao1m', '339a512beb21553c312f0143b94241051f49f203833a930dc59d5da931328a5526360893932451ce18e62d18fd3f0f8d233c2f63be7b1fad82bd4e681917eec411', 1, 3, 'female', 'women', ' I love buying new things but I hate spending money.', '1977-07-04', 1, 1, -7.07735, 108.46, '2019-01-05 00:00:00'),
(127, 'Aubry', 'Petche', 'apetche3i', 'apetche3i@salon.com', '$2b$10$.89MJ9LQvj7T5gs9.ZohROVWQjvudfb2HOIsd7ieHH8fAokvYao1m', '339a512beb21553c312f0143b94241051f49f203833a930dc59d5da931328a5526360893932451ce18e62d18fd3f0f8d233c2f63be7b1fad82bd4e681917eec445', 1, 3, 'male', 'men', ' I love buying new things but I hate spending money.', '1993-08-11', 3, 0, -8.29227, 120.442, '2019-01-08 00:00:00'),
(128, 'Anselm', 'Myatt', 'amyatt3j', 'amyatt3j@ehow.com', '$2b$10$.89MJ9LQvj7T5gs9.ZohROVWQjvudfb2HOIsd7ieHH8fAokvYao1m', '339a512beb21553c312f0143b94241051f49f203833a930dc59d5da931328a5526360893932451ce18e62d18fd3f0f8d233c2f63be7b1fad82bd4e681917eec445', 1, 3, 'male', 'both', ' I love buying new things but I hate spending money.', '1995-08-02', 2, 0, 37.5958, 107.412, '2019-01-02 00:00:00'),
(129, 'Nanci', 'Cranna', 'ncranna3k', 'ncranna3k@shutterfly.com', '$2b$10$.89MJ9LQvj7T5gs9.ZohROVWQjvudfb2HOIsd7ieHH8fAokvYao1m', '339a512beb21553c312f0143b94241051f49f203833a930dc59d5da931328a5526360893932451ce18e62d18fd3f0f8d233c2f63be7b1fad82bd4e681917eec445', 1, 3, 'male', 'women', ' I love buying new things but I hate spending money.', '1976-09-10', 1, 1, -23.1847, 30.0723, '2019-01-01 00:00:00'),
(130, 'Fons', 'MacCafferty', 'fmaccafferty3l', 'fmaccafferty3l@go.com', '$2b$10$.89MJ9LQvj7T5gs9.ZohROVWQjvudfb2HOIsd7ieHH8fAokvYao1m', '339a512beb21553c312f0143b94241051f49f203833a930dc59d5da931328a5526360893932451ce18e62d18fd3f0f8d233c2f63be7b1fad82bd4e681917eec411', 1, 3, 'female', 'women', ' I love buying new things but I hate spending money.', '1976-07-15', 0, 0, 13.7559, 7.98654, '2019-01-11 00:00:00'),
(131, 'Claire', 'Runacres', 'crunacres3m', 'crunacres3m@nih.gov', '$2b$10$.89MJ9LQvj7T5gs9.ZohROVWQjvudfb2HOIsd7ieHH8fAokvYao1m', '339a512beb21553c312f0143b94241051f49f203833a930dc59d5da931328a5526360893932451ce18e62d18fd3f0f8d233c2f63be7b1fad82bd4e681917eec411', 1, 3, 'female', 'women', ' I love buying new things but I hate spending money.', '1993-02-09', 0, 0, 31.3657, 121.373, '2019-01-10 00:00:00'),
(132, 'Rahel', 'Mathet', 'rmathet3n', 'rmathet3n@cbc.ca', '$2b$10$.89MJ9LQvj7T5gs9.ZohROVWQjvudfb2HOIsd7ieHH8fAokvYao1m', '339a512beb21553c312f0143b94241051f49f203833a930dc59d5da931328a5526360893932451ce18e62d18fd3f0f8d233c2f63be7b1fad82bd4e681917eec445', 1, 3, 'female', 'women', ' I love buying new things but I hate spending money.', '1978-07-31', 0, 1, 6.08568, 8.32801, '2019-01-08 00:00:00'),
(133, 'Angus', 'Tieraney', 'ibouroum', 'atieraney3o@yelp.com', '$2b$10$.89MJ9LQvj7T5gs9.ZohROVWQjvudfb2HOIsd7ieHH8fAokvYao1m', '339a512beb21553c312f0143b94241051f49f203833a930dc59d5da931328a5526360893932451ce18e62d18fd3f0f8d233c2f63be7b1fad82bd4e681917eec445', 1, 3, 'female', 'men', ' I love buying new things but I hate spending money.', '1982-02-01', 4, 0, 41.3641, 2.13382, '2020-01-19 00:03:00'),
(134, 'Selie', 'Mawditt', 'smawditt3p', 'smawditt3p@weebly.com', '$2b$10$.89MJ9LQvj7T5gs9.ZohROVWQjvudfb2HOIsd7ieHH8fAokvYao1m', '339a512beb21553c312f0143b94241051f49f203833a930dc59d5da931328a5526360893932451ce18e62d18fd3f0f8d233c2f63be7b1fad82bd4e681917eec411', 1, 3, 'female', 'both', ' I love buying new things but I hate spending money.', '1990-05-19', 4, 0, 40.1557, 44.4394, '2019-01-09 00:00:00'),
(135, 'Nevil', 'Boissier', 'nboissier3q', 'nboissier3q@google.es', '$2b$10$.89MJ9LQvj7T5gs9.ZohROVWQjvudfb2HOIsd7ieHH8fAokvYao1m', '339a512beb21553c312f0143b94241051f49f203833a930dc59d5da931328a5526360893932451ce18e62d18fd3f0f8d233c2f63be7b1fad82bd4e681917eec445', 1, 3, 'male', 'men', ' I love buying new things but I hate spending money.', '1984-11-26', 3, 0, -29.9133, -51.1862, '2019-01-09 00:00:00'),
(136, 'Tamas', 'Horry', 'thorry3r', 'thorry3r@redcross.org', '$2b$10$.89MJ9LQvj7T5gs9.ZohROVWQjvudfb2HOIsd7ieHH8fAokvYao1m', '339a512beb21553c312f0143b94241051f49f203833a930dc59d5da931328a5526360893932451ce18e62d18fd3f0f8d233c2f63be7b1fad82bd4e681917eec445', 1, 3, 'male', 'men', ' I love buying new things but I hate spending money.', '1986-02-14', 1, 1, 13.8016, 121.15, '2019-01-05 00:00:00'),
(137, 'Dyanne', 'Rosoni', 'drosoni3s', 'drosoni3s@mtv.com', '$2b$10$.89MJ9LQvj7T5gs9.ZohROVWQjvudfb2HOIsd7ieHH8fAokvYao1m', '339a512beb21553c312f0143b94241051f49f203833a930dc59d5da931328a5526360893932451ce18e62d18fd3f0f8d233c2f63be7b1fad82bd4e681917eec445', 1, 3, 'female', 'women', ' I love buying new things but I hate spending money.', '1997-01-08', 5, 1, -6.67694, 107.024, '2019-01-02 00:00:00'),
(138, 'Auria', 'Thay', 'athay3t', 'athay3t@mac.com', '$2b$10$.89MJ9LQvj7T5gs9.ZohROVWQjvudfb2HOIsd7ieHH8fAokvYao1m', '339a512beb21553c312f0143b94241051f49f203833a930dc59d5da931328a5526360893932451ce18e62d18fd3f0f8d233c2f63be7b1fad82bd4e681917eec411', 1, 3, 'female', 'men', ' I love buying new things but I hate spending money.', '1970-08-01', 1, 1, 59.341, 18.067, '2019-01-06 00:00:00'),
(139, 'Christye', 'Hollyar', 'chollyar3u', 'chollyar3u@mashable.com', '$2b$10$.89MJ9LQvj7T5gs9.ZohROVWQjvudfb2HOIsd7ieHH8fAokvYao1m', '339a512beb21553c312f0143b94241051f49f203833a930dc59d5da931328a5526360893932451ce18e62d18fd3f0f8d233c2f63be7b1fad82bd4e681917eec411', 1, 3, 'female', 'both', ' I love buying new things but I hate spending money.', '1975-02-12', 1, 1, 44.5968, 20.1242, '2019-01-07 00:00:00'),
(140, 'Jonis', 'Simmill', 'jsimmill3v', 'jsimmill3v@imdb.com', '$2b$10$.89MJ9LQvj7T5gs9.ZohROVWQjvudfb2HOIsd7ieHH8fAokvYao1m', '339a512beb21553c312f0143b94241051f49f203833a930dc59d5da931328a5526360893932451ce18e62d18fd3f0f8d233c2f63be7b1fad82bd4e681917eec411', 1, 3, 'male', 'both', ' I love buying new things but I hate spending money.', '1996-01-14', 3, 1, 46.4356, 15.953, '2019-01-01 00:00:00'),
(141, 'Paulina', 'Mottram', 'pmottram3w', 'pmottram3w@craigslist.org', '$2b$10$.89MJ9LQvj7T5gs9.ZohROVWQjvudfb2HOIsd7ieHH8fAokvYao1m', '339a512beb21553c312f0143b94241051f49f203833a930dc59d5da931328a5526360893932451ce18e62d18fd3f0f8d233c2f63be7b1fad82bd4e681917eec411', 1, 3, 'male', 'both', ' I love buying new things but I hate spending money.', '1982-11-21', 0, 0, 26.0791, 113.95, '2019-01-07 00:00:00'),
(142, 'Lotte', 'Roggerone', 'lroggerone3x', 'lroggerone3x@bandcamp.com', '$2b$10$.89MJ9LQvj7T5gs9.ZohROVWQjvudfb2HOIsd7ieHH8fAokvYao1m', '339a512beb21553c312f0143b94241051f49f203833a930dc59d5da931328a5526360893932451ce18e62d18fd3f0f8d233c2f63be7b1fad82bd4e681917eec411', 1, 3, 'male', 'both', ' I love buying new things but I hate spending money.', '1973-02-02', 4, 0, -28.5758, -70.7571, '2019-01-06 00:00:00'),
(143, 'Lorie', 'Toohey', 'ltoohey3y', 'ltoohey3y@live.com', '$2b$10$.89MJ9LQvj7T5gs9.ZohROVWQjvudfb2HOIsd7ieHH8fAokvYao1m', '339a512beb21553c312f0143b94241051f49f203833a930dc59d5da931328a5526360893932451ce18e62d18fd3f0f8d233c2f63be7b1fad82bd4e681917eec411', 1, 3, 'female', 'both', ' I love buying new things but I hate spending money.', '1994-01-10', 4, 0, 34.7286, 112.132, '2019-01-08 00:00:00'),
(144, 'Cherise', 'Clemas', 'cclemas3z', 'cclemas3z@webmd.com', '$2b$10$.89MJ9LQvj7T5gs9.ZohROVWQjvudfb2HOIsd7ieHH8fAokvYao1m', '339a512beb21553c312f0143b94241051f49f203833a930dc59d5da931328a5526360893932451ce18e62d18fd3f0f8d233c2f63be7b1fad82bd4e681917eec411', 1, 3, 'female', 'both', ' I love buying new things but I hate spending money.', '1994-07-05', 0, 0, 51.6396, 14.9996, '2019-01-06 00:00:00'),
(145, 'Kial', 'Giorgiutti', 'kgiorgiutti40', 'kgiorgiutti40@mlb.com', '$2b$10$.89MJ9LQvj7T5gs9.ZohROVWQjvudfb2HOIsd7ieHH8fAokvYao1m', '339a512beb21553c312f0143b94241051f49f203833a930dc59d5da931328a5526360893932451ce18e62d18fd3f0f8d233c2f63be7b1fad82bd4e681917eec445', 1, 3, 'male', 'men', ' I love buying new things but I hate spending money.', '1972-07-03', 1, 0, 23.1262, 113.269, '2019-01-01 00:00:00'),
(146, 'Ede', 'Figiovanni', 'efigiovanni41', 'efigiovanni41@drupal.org', '$2b$10$.89MJ9LQvj7T5gs9.ZohROVWQjvudfb2HOIsd7ieHH8fAokvYao1m', '339a512beb21553c312f0143b94241051f49f203833a930dc59d5da931328a5526360893932451ce18e62d18fd3f0f8d233c2f63be7b1fad82bd4e681917eec411', 1, 3, 'male', 'women', ' I love buying new things but I hate spending money.', '1975-10-23', 1, 1, 39.7673, 116.339, '2019-01-04 00:00:00'),
(147, 'Whitney', 'Crummay', 'wcrummay42', 'wcrummay42@bravesites.com', '$2b$10$.89MJ9LQvj7T5gs9.ZohROVWQjvudfb2HOIsd7ieHH8fAokvYao1m', '339a512beb21553c312f0143b94241051f49f203833a930dc59d5da931328a5526360893932451ce18e62d18fd3f0f8d233c2f63be7b1fad82bd4e681917eec445', 1, 3, 'male', 'men', ' I love buying new things but I hate spending money.', '1992-06-15', 1, 1, 39.7702, 21.1829, '2019-01-03 00:00:00'),
(148, 'Alfy', 'O\'Sculley', 'aosculley43', 'aosculley43@rambler.ru', '$2b$10$.89MJ9LQvj7T5gs9.ZohROVWQjvudfb2HOIsd7ieHH8fAokvYao1m', '339a512beb21553c312f0143b94241051f49f203833a930dc59d5da931328a5526360893932451ce18e62d18fd3f0f8d233c2f63be7b1fad82bd4e681917eec411', 1, 3, 'male', 'both', ' I love buying new things but I hate spending money.', '1983-05-20', 3, 1, -8.30202, 112.483, '2019-01-03 00:00:00'),
(149, 'Wilbur', 'Yesenin', 'wyesenin44', 'wyesenin44@w3.org', '$2b$10$.89MJ9LQvj7T5gs9.ZohROVWQjvudfb2HOIsd7ieHH8fAokvYao1m', '339a512beb21553c312f0143b94241051f49f203833a930dc59d5da931328a5526360893932451ce18e62d18fd3f0f8d233c2f63be7b1fad82bd4e681917eec411', 1, 3, 'female', 'men', ' I love buying new things but I hate spending money.', '1970-11-01', 1, 0, 23.0706, 112.485, '2019-01-11 00:00:00'),
(150, 'Auberta', 'Bowdon', 'abowdon45', 'abowdon45@businesswire.com', '$2b$10$.89MJ9LQvj7T5gs9.ZohROVWQjvudfb2HOIsd7ieHH8fAokvYao1m', '339a512beb21553c312f0143b94241051f49f203833a930dc59d5da931328a5526360893932451ce18e62d18fd3f0f8d233c2f63be7b1fad82bd4e681917eec445', 1, 3, 'male', 'women', ' I love buying new things but I hate spending money.', '1981-09-03', 1, 1, 37.0542, 122.354, '2019-01-03 00:00:00'),
(151, 'ibouroum', 'ibouroum', 'qq', 'ikjhdgkjdhgkdfh@lfgljf.fg', '$2b$10$KETq2Z.YLOQbvSyHCwUXHuj6mCa2gNKya3mtuTVLIVwKBB8/dRjmy', '48a15988dec72dd12eeccaaf3b6ca268bef1d47c6aa1529e4cf2f9fe7f04079d352c3f0e3bc488a5515e9def3b84da517ee82f2e8cf846b378ca64f30bcc7749', 1, 3, 'male', 'women', 'sfdsgdgdfhdfhfghfghfg', '2000-02-02', 0, 0, 32.8815, -6.89598, '2020-01-01 17:20:49');

-- --------------------------------------------------------

--
-- Structure de la table `usersInterests`
--

CREATE TABLE `usersInterests` (
  `uId` int(11) NOT NULL,
  `iId` int(11) NOT NULL
) ENGINE=InnoDB DEFAULT CHARSET=latin1;

--
-- Déchargement des données de la table `usersInterests`
--

INSERT INTO `usersInterests` (`uId`, `iId`) VALUES
(1, 1),
(1, 6),
(19, 12),
(19, 13),
(76, 10),
(77, 4),
(78, 10),
(79, 6),
(80, 1),
(81, 3),
(82, 2),
(83, 3),
(84, 3),
(85, 7),
(86, 2),
(87, 3),
(88, 2),
(89, 3),
(90, 2),
(91, 4),
(92, 3),
(93, 3),
(94, 7),
(95, 5),
(96, 5),
(97, 7),
(98, 11),
(99, 8),
(100, 3),
(101, 8),
(102, 2),
(103, 5),
(104, 6),
(105, 4),
(106, 1),
(107, 4),
(108, 6),
(109, 6),
(110, 7),
(111, 9),
(112, 4),
(113, 1),
(114, 10),
(115, 8),
(116, 2),
(117, 4),
(118, 4),
(119, 4),
(120, 4),
(121, 9),
(122, 9),
(123, 6),
(124, 5),
(125, 9),
(126, 7),
(127, 5),
(128, 4),
(129, 8),
(130, 2),
(131, 8),
(132, 5),
(133, 5),
(134, 8),
(135, 5),
(136, 1),
(137, 3),
(138, 8),
(139, 2),
(140, 3),
(141, 3),
(142, 2),
(143, 3),
(144, 10),
(145, 8),
(146, 9),
(147, 4),
(148, 5),
(149, 9),
(150, 4),
(151, 1),
(151, 3),
(151, 4),
(151, 5),
(151, 6),
(151, 9),
(151, 10),
(151, 11),
(152, 1),
(153, 3),
(154, 10),
(155, 1),
(156, 3),
(157, 7),
(158, 5),
(159, 4),
(160, 8),
(161, 11),
(162, 11),
(163, 3),
(164, 8),
(165, 6),
(166, 3),
(167, 10),
(168, 7),
(169, 5),
(170, 5),
(171, 2),
(172, 11),
(173, 9),
(174, 7),
(175, 2),
(176, 2),
(177, 6),
(178, 8),
(179, 2),
(180, 6),
(181, 6),
(182, 3),
(183, 4),
(184, 8),
(185, 9),
(186, 7),
(187, 5),
(188, 1),
(189, 10),
(190, 10),
(191, 10),
(192, 11),
(193, 5),
(194, 1),
(195, 5),
(196, 3),
(197, 6),
(198, 5),
(199, 2),
(200, 8),
(201, 4),
(202, 2),
(203, 1),
(204, 4),
(205, 3),
(206, 2),
(207, 9),
(208, 11),
(209, 2),
(210, 11),
(211, 9),
(212, 1),
(213, 11),
(214, 10),
(215, 3),
(216, 3),
(217, 9),
(218, 4),
(219, 11),
(220, 9),
(221, 2),
(222, 10),
(223, 9),
(224, 5),
(225, 11),
(226, 3),
(227, 5),
(228, 5),
(229, 1),
(230, 4),
(231, 2),
(232, 10),
(233, 7),
(234, 3),
(235, 6),
(236, 1),
(237, 2),
(238, 10),
(239, 10),
(240, 3),
(241, 2),
(242, 7),
(243, 9),
(244, 2),
(245, 6),
(246, 9),
(247, 5),
(248, 3),
(249, 11),
(250, 2),
(251, 5),
(252, 9),
(253, 8),
(254, 8),
(255, 11),
(256, 1),
(257, 5),
(258, 7),
(259, 1),
(260, 11),
(261, 9),
(262, 7),
(263, 11),
(264, 10),
(265, 9),
(266, 11),
(267, 10),
(268, 7),
(269, 8),
(270, 9),
(271, 2),
(272, 2),
(273, 8),
(274, 3),
(275, 3),
(276, 4),
(277, 10),
(278, 9),
(279, 5),
(280, 11),
(281, 11),
(282, 11),
(283, 2),
(284, 7),
(285, 6),
(286, 3),
(287, 5),
(288, 2),
(289, 10),
(290, 5),
(291, 11),
(292, 11),
(293, 11),
(294, 5),
(295, 5),
(296, 1),
(297, 2),
(298, 9),
(299, 9),
(300, 4),
(301, 10),
(302, 5),
(303, 10),
(304, 3),
(305, 5),
(306, 8),
(307, 7),
(308, 3),
(309, 8),
(310, 10),
(311, 1),
(312, 11),
(313, 3),
(314, 11),
(315, 6),
(316, 11),
(317, 8),
(318, 7),
(319, 8),
(320, 6),
(321, 7),
(322, 7),
(323, 1),
(324, 3),
(325, 9),
(326, 3),
(327, 8),
(328, 9),
(329, 6),
(330, 4),
(331, 1),
(332, 3),
(333, 6),
(334, 6),
(335, 10),
(336, 1),
(337, 5),
(338, 10),
(339, 10),
(340, 10),
(341, 10),
(342, 5),
(343, 10),
(344, 2),
(345, 1),
(346, 3),
(347, 7),
(348, 6),
(349, 7),
(350, 8),
(351, 6),
(352, 5),
(353, 11),
(354, 5),
(355, 3),
(356, 5),
(357, 2),
(358, 3),
(359, 2),
(360, 4),
(361, 11),
(362, 3),
(363, 2),
(364, 2),
(365, 8),
(366, 7),
(367, 11),
(368, 11),
(369, 5),
(370, 10),
(371, 7),
(372, 6),
(373, 11),
(374, 2),
(375, 4),
(376, 3),
(377, 5),
(378, 11),
(379, 10),
(380, 9),
(381, 9),
(382, 1),
(383, 4),
(384, 11),
(385, 6),
(386, 8),
(387, 3),
(388, 4),
(389, 3),
(390, 6),
(391, 9),
(392, 11),
(393, 1),
(394, 11),
(395, 3),
(396, 4),
(397, 4),
(398, 10),
(399, 4),
(400, 10),
(401, 5),
(402, 2),
(403, 10),
(404, 5),
(405, 6),
(406, 7),
(407, 2),
(408, 1),
(409, 1),
(410, 6),
(411, 9),
(412, 7),
(413, 6),
(414, 6),
(415, 2),
(416, 1),
(417, 4),
(418, 9),
(419, 6),
(420, 10),
(421, 8),
(422, 5),
(423, 3),
(424, 6),
(425, 8),
(426, 7),
(427, 7),
(428, 6),
(429, 2),
(430, 9),
(431, 3),
(432, 5),
(433, 10),
(434, 4),
(435, 11),
(436, 4),
(437, 9),
(438, 8),
(439, 4),
(440, 3),
(441, 10),
(442, 4),
(443, 2),
(444, 10),
(445, 1),
(446, 8),
(447, 7),
(448, 2),
(449, 8),
(450, 6),
(451, 10),
(452, 4),
(453, 11),
(454, 6),
(455, 1),
(456, 11),
(457, 2),
(458, 4),
(459, 8),
(460, 7),
(461, 9),
(462, 9),
(463, 5),
(464, 11),
(465, 10),
(466, 2),
(467, 8),
(468, 1),
(469, 10),
(470, 4),
(471, 2),
(472, 3),
(473, 4),
(474, 7),
(475, 9),
(476, 8),
(477, 10),
(478, 4),
(479, 7),
(480, 5),
(481, 6),
(482, 3),
(483, 11),
(484, 3),
(485, 2),
(486, 10),
(487, 5),
(488, 3),
(489, 3),
(490, 2),
(491, 10),
(492, 10),
(493, 2),
(494, 9),
(495, 9),
(496, 11),
(497, 11),
(498, 7),
(499, 9),
(500, 3),
(501, 2),
(502, 5),
(503, 4),
(504, 5),
(505, 2),
(506, 1),
(507, 7),
(508, 8),
(509, 1),
(510, 9),
(511, 4),
(512, 6),
(513, 7),
(514, 11),
(515, 11),
(516, 7),
(517, 6),
(518, 2),
(519, 9),
(520, 3),
(521, 7),
(522, 9),
(523, 4),
(524, 9),
(525, 11),
(526, 6),
(527, 4),
(528, 1),
(529, 10),
(530, 8),
(531, 3),
(532, 5),
(533, 5),
(534, 7),
(535, 10),
(536, 6),
(537, 11),
(538, 9),
(539, 9),
(540, 6),
(541, 5),
(542, 5),
(543, 3),
(544, 8),
(545, 5),
(546, 7),
(547, 4),
(548, 8),
(549, 8),
(550, 2),
(551, 7),
(552, 8),
(553, 6),
(554, 8),
(555, 11),
(556, 5),
(557, 1),
(558, 2),
(559, 5),
(560, 2),
(561, 4),
(562, 10),
(563, 7),
(564, 3),
(565, 2),
(566, 3),
(567, 8),
(568, 1),
(569, 2),
(570, 3),
(571, 3),
(572, 1),
(573, 5),
(574, 6),
(575, 7),
(576, 5),
(577, 7),
(578, 11),
(579, 4),
(580, 11),
(581, 7),
(582, 8),
(583, 8),
(584, 6),
(585, 5),
(586, 1),
(587, 6),
(588, 8),
(589, 11),
(590, 10),
(591, 11),
(592, 9),
(593, 9),
(594, 1),
(595, 7),
(596, 1),
(597, 9),
(598, 3),
(599, 6),
(600, 3),
(601, 2),
(602, 5),
(603, 9),
(604, 4),
(605, 1),
(606, 1),
(607, 3),
(608, 10),
(609, 7),
(610, 6),
(611, 4),
(612, 11),
(613, 11),
(614, 6),
(615, 9),
(616, 3),
(617, 11),
(618, 9),
(619, 10),
(620, 5),
(621, 7),
(622, 10),
(623, 11),
(624, 7),
(625, 6),
(626, 9),
(627, 3),
(628, 7),
(629, 3),
(630, 11),
(631, 8),
(632, 10),
(633, 3),
(634, 8),
(635, 9),
(636, 2),
(637, 1),
(638, 1),
(639, 9),
(640, 2),
(641, 6),
(642, 10),
(643, 11),
(644, 1),
(645, 5),
(646, 1),
(647, 8),
(648, 2),
(649, 9),
(650, 8),
(651, 2),
(652, 6),
(653, 3),
(654, 8),
(655, 7),
(656, 8),
(657, 5),
(658, 10),
(659, 8),
(660, 3),
(661, 6),
(662, 9),
(663, 8),
(664, 3),
(665, 8),
(666, 9),
(667, 2),
(668, 1),
(669, 11),
(670, 10),
(671, 1),
(672, 6),
(673, 3),
(674, 10),
(675, 10),
(676, 6),
(677, 10),
(678, 11),
(679, 3),
(680, 7),
(681, 11),
(682, 3),
(683, 1),
(684, 7),
(685, 11),
(686, 6),
(687, 1),
(688, 7),
(689, 8),
(690, 6),
(691, 5),
(692, 9),
(693, 4),
(694, 2),
(695, 3),
(696, 8),
(697, 6),
(698, 6),
(699, 5),
(700, 5),
(701, 4),
(702, 10),
(703, 3),
(704, 8),
(705, 9),
(706, 7),
(707, 10),
(708, 11),
(709, 2),
(710, 5),
(711, 3),
(712, 6),
(713, 3),
(714, 7),
(715, 7),
(716, 9),
(717, 5),
(718, 9),
(719, 4),
(720, 1),
(721, 5),
(722, 9),
(723, 8),
(724, 3),
(725, 11),
(726, 4),
(727, 6),
(728, 4),
(729, 8),
(730, 6),
(731, 11),
(732, 1),
(733, 6),
(734, 10),
(735, 3),
(736, 5),
(737, 8),
(738, 6),
(739, 2),
(740, 7),
(741, 7),
(742, 2),
(743, 6),
(744, 8),
(745, 11),
(746, 6),
(747, 2),
(748, 1),
(749, 5),
(750, 10),
(751, 1),
(752, 2),
(753, 1),
(754, 9),
(755, 8),
(756, 1),
(757, 1),
(758, 5),
(759, 1),
(760, 7),
(761, 8),
(762, 1),
(763, 7),
(764, 1),
(765, 9),
(766, 10),
(767, 9),
(768, 3),
(769, 2),
(770, 8),
(771, 3),
(772, 8),
(773, 11),
(774, 3),
(775, 5),
(776, 8),
(777, 1),
(778, 8),
(779, 2),
(780, 10),
(781, 4),
(782, 6),
(783, 2),
(784, 5),
(785, 10),
(786, 3),
(787, 5),
(788, 10),
(789, 5),
(790, 1),
(791, 11),
(792, 5),
(793, 8),
(794, 6),
(795, 6),
(796, 4),
(797, 9),
(798, 6),
(799, 10),
(800, 8),
(801, 4),
(802, 3),
(803, 6),
(804, 7),
(805, 1),
(806, 3),
(807, 10),
(808, 1),
(809, 1),
(810, 8),
(811, 4),
(812, 3),
(813, 3),
(814, 3),
(815, 10),
(816, 4),
(817, 7),
(818, 9),
(819, 11),
(820, 11),
(821, 11),
(822, 10),
(823, 1),
(824, 2),
(825, 2),
(826, 7),
(827, 2),
(828, 2),
(829, 2),
(830, 8),
(831, 11),
(832, 2),
(833, 8),
(834, 7),
(835, 4),
(836, 6),
(837, 9),
(838, 1),
(839, 8),
(840, 3),
(841, 6),
(842, 9),
(843, 6),
(844, 11),
(845, 8),
(846, 6),
(847, 2),
(848, 11),
(849, 3),
(850, 4),
(851, 3),
(852, 7),
(853, 9),
(854, 9),
(855, 6),
(856, 8),
(857, 10),
(858, 4),
(859, 3),
(860, 9),
(861, 5),
(862, 7),
(863, 9),
(864, 11),
(865, 1),
(866, 6),
(867, 9),
(868, 5),
(869, 8),
(870, 11),
(871, 7),
(872, 6),
(873, 6),
(874, 11),
(875, 3),
(876, 5),
(877, 11),
(878, 5),
(879, 2),
(880, 5),
(881, 3),
(882, 7),
(883, 7),
(884, 4),
(885, 3),
(886, 4),
(887, 6),
(888, 1),
(889, 4),
(890, 5),
(891, 9),
(892, 6),
(893, 10),
(894, 7),
(895, 1),
(896, 8),
(897, 7),
(898, 10),
(899, 6),
(900, 5),
(901, 1),
(902, 1),
(903, 11),
(904, 6),
(905, 8),
(906, 8),
(907, 3),
(908, 2),
(909, 5),
(910, 5),
(911, 5),
(912, 3),
(913, 9),
(914, 9),
(915, 4),
(916, 1),
(917, 11),
(918, 9),
(919, 5),
(920, 7),
(921, 4),
(922, 2),
(923, 6),
(924, 11),
(925, 4),
(926, 2),
(927, 8),
(928, 1),
(929, 9),
(930, 8),
(931, 7),
(932, 4),
(933, 1),
(934, 9),
(935, 5),
(936, 7),
(937, 11),
(938, 2),
(939, 8),
(940, 11),
(941, 2),
(942, 6),
(943, 6),
(944, 5),
(945, 7),
(946, 4),
(947, 7),
(948, 2),
(949, 1),
(950, 4),
(951, 7),
(952, 6),
(953, 11),
(954, 2),
(955, 2),
(956, 10),
(957, 5),
(958, 2),
(959, 2),
(960, 8),
(961, 6),
(962, 6),
(963, 10),
(964, 10),
(965, 2),
(966, 2),
(967, 9),
(968, 5),
(969, 3),
(970, 4),
(971, 9),
(972, 7),
(973, 3),
(974, 8),
(975, 5),
(976, 11),
(977, 8),
(978, 8),
(979, 3),
(980, 6),
(981, 8),
(982, 5),
(983, 11),
(984, 9),
(985, 2),
(986, 5),
(987, 2),
(988, 7),
(989, 10),
(990, 3),
(991, 7),
(992, 4),
(993, 1),
(994, 8),
(995, 2),
(996, 2),
(997, 6),
(998, 5),
(999, 11),
(1000, 11);

-- --------------------------------------------------------

--
-- Structure de la table `viewProfileList`
--

CREATE TABLE `viewProfileList` (
  `id` int(11) NOT NULL,
  `viewer` int(11) NOT NULL,
  `viewed` int(11) NOT NULL,
  `date` datetime NOT NULL
) ENGINE=InnoDB DEFAULT CHARSET=latin1;

--
-- Déchargement des données de la table `viewProfileList`
--

INSERT INTO `viewProfileList` (`id`, `viewer`, `viewed`, `date`) VALUES
(1, 1, 3, '2020-01-01 21:12:12'),
(2, 1, 2, '2020-01-01 21:13:12'),
(3, 1, 2, '2020-01-01 21:13:24'),
(4, 1, 3, '2020-01-03 14:39:24'),
(5, 1, 3, '2020-01-03 14:39:26'),
(6, 1, 2, '2020-01-03 14:54:37'),
(7, 1, 2, '2020-01-03 14:54:37'),
(8, 1, 2, '2020-01-03 14:54:38'),
(9, 1, 3, '2020-01-03 14:58:46'),
(10, 1, 3, '2020-01-03 14:58:53'),
(11, 1, 3, '2020-01-03 14:58:56'),
(12, 1, 3, '2020-01-03 14:58:57'),
(13, 1, 3, '2020-01-03 14:58:58'),
(14, 1, 5, '2020-01-03 14:58:59'),
(15, 1, 2, '2020-01-03 14:59:01'),
(16, 1, 3, '2020-01-03 14:59:06'),
(17, 1, 3, '2020-01-03 14:59:08'),
(18, 1, 3, '2020-01-03 14:59:13'),
(19, 1, 3, '2020-01-03 14:59:21'),
(20, 1, 3, '2020-01-03 14:59:21'),
(21, 1, 3, '2020-01-03 15:25:02'),
(22, 1, 3, '2020-01-03 15:25:02'),
(23, 1, 3, '2020-01-03 15:25:03'),
(24, 1, 3, '2020-01-03 15:25:03'),
(25, 1, 3, '2020-01-03 15:25:32'),
(26, 1, 3, '2020-01-03 15:25:32'),
(27, 1, 3, '2020-01-03 15:25:33'),
(28, 1, 3, '2020-01-03 15:25:33'),
(29, 1, 3, '2020-01-03 15:32:49'),
(30, 1, 3, '2020-01-03 15:32:49'),
(31, 1, 3, '2020-01-03 15:32:49'),
(32, 1, 3, '2020-01-03 15:32:50'),
(33, 1, 3, '2020-01-03 15:54:34'),
(34, 1, 3, '2020-01-03 15:54:34'),
(35, 1, 3, '2020-01-03 15:54:34'),
(36, 1, 3, '2020-01-03 15:58:35'),
(37, 1, 2, '2020-01-03 16:05:07'),
(38, 1, 2, '2020-01-03 16:05:25'),
(39, 1, 2, '2020-01-03 16:05:25'),
(40, 1, 2, '2020-01-03 16:05:26'),
(41, 1, 2, '2020-01-03 16:05:26'),
(42, 1, 2, '2020-01-03 16:05:26'),
(43, 1, 2, '2020-01-03 16:06:17'),
(44, 1, 2, '2020-01-03 16:06:17'),
(45, 1, 2, '2020-01-03 16:06:17'),
(46, 1, 2, '2020-01-03 16:06:18'),
(47, 1, 2, '2020-01-03 16:06:18'),
(48, 1, 2, '2020-01-03 16:17:54'),
(49, 1, 2, '2020-01-03 16:17:55'),
(50, 1, 2, '2020-01-03 16:17:55'),
(51, 1, 2, '2020-01-03 16:17:55'),
(52, 1, 2, '2020-01-03 16:18:26'),
(53, 1, 2, '2020-01-03 16:18:27'),
(54, 1, 2, '2020-01-03 16:18:27'),
(55, 1, 2, '2020-01-03 16:18:27'),
(56, 1, 2, '2020-01-03 16:19:05'),
(57, 1, 2, '2020-01-03 16:19:08'),
(58, 1, 2, '2020-01-03 16:19:09'),
(59, 1, 2, '2020-01-03 16:19:15'),
(60, 1, 2, '2020-01-03 16:19:16'),
(61, 1, 2, '2020-01-03 16:23:21'),
(62, 1, 2, '2020-01-03 16:23:22'),
(63, 1, 2, '2020-01-03 16:23:22'),
(64, 1, 2, '2020-01-03 16:23:22'),
(65, 1, 2, '2020-01-03 16:23:22'),
(66, 1, 2, '2020-01-03 16:23:22'),
(67, 1, 2, '2020-01-03 16:23:23'),
(68, 1, 2, '2020-01-03 16:23:23'),
(69, 1, 2, '2020-01-03 16:23:23'),
(70, 1, 2, '2020-01-03 16:23:24'),
(71, 1, 2, '2020-01-03 16:23:24'),
(72, 1, 2, '2020-01-03 16:25:25'),
(73, 1, 2, '2020-01-03 16:25:25'),
(74, 1, 2, '2020-01-03 16:25:25'),
(75, 1, 2, '2020-01-03 16:25:26'),
(76, 1, 2, '2020-01-03 16:25:26'),
(77, 1, 2, '2020-01-03 16:25:26'),
(78, 1, 3, '2020-01-03 16:25:27'),
(79, 1, 3, '2020-01-03 16:25:27'),
(80, 1, 5, '2020-01-03 17:12:25'),
(81, 1, 5, '2020-01-03 17:12:25'),
(82, 1, 5, '2020-01-03 17:12:26'),
(83, 1, 5, '2020-01-03 17:12:26'),
(84, 1, 5, '2020-01-03 17:14:14'),
(85, 1, 5, '2020-01-03 17:14:15'),
(86, 1, 5, '2020-01-03 17:14:16'),
(87, 1, 6, '2020-01-03 17:14:19'),
(88, 1, 5, '2020-01-03 17:14:40'),
(89, 1, 6, '2020-01-03 17:14:42'),
(90, 1, 9, '2020-01-03 17:14:44'),
(91, 1, 5, '2020-01-03 17:14:49'),
(92, 1, 5, '2020-01-03 17:16:18'),
(93, 1, 5, '2020-01-03 17:18:31'),
(94, 1, 5, '2020-01-03 17:18:45'),
(95, 1, 7, '2020-01-03 17:20:35'),
(96, 1, 7, '2020-01-03 17:21:25'),
(97, 1, 7, '2020-01-03 17:21:27'),
(98, 1, 7, '2020-01-03 17:22:49'),
(99, 1, 5, '2020-01-03 17:22:58'),
(100, 1, 7, '2020-01-03 17:23:10'),
(101, 1, 7, '2020-01-03 17:23:12'),
(102, 1, 7, '2020-01-03 17:23:13'),
(103, 1, 7, '2020-01-03 17:23:14'),
(104, 1, 7, '2020-01-03 17:23:14'),
(105, 1, 5, '2020-01-03 17:23:15'),
(106, 1, 9, '2020-01-03 17:23:17'),
(107, 1, 9, '2020-01-03 17:23:17'),
(108, 1, 9, '2020-01-03 17:23:17'),
(109, 1, 10, '2020-01-03 17:23:18'),
(110, 1, 10, '2020-01-03 17:23:18'),
(111, 1, 7, '2020-01-03 17:23:36'),
(112, 1, 5, '2020-01-03 17:23:38'),
(113, 1, 7, '2020-01-03 17:24:39'),
(114, 1, 5, '2020-01-03 17:24:44'),
(115, 1, 5, '2020-01-03 17:24:45'),
(116, 1, 5, '2020-01-03 17:28:19'),
(117, 1, 5, '2020-01-03 17:28:25'),
(118, 1, 5, '2020-01-03 17:29:15'),
(119, 1, 5, '2020-01-03 17:29:18'),
(120, 1, 5, '2020-01-03 17:29:19'),
(121, 1, 5, '2020-01-03 17:29:19'),
(122, 1, 7, '2020-01-03 17:29:24'),
(123, 1, 7, '2020-01-03 17:29:25'),
(124, 1, 7, '2020-01-03 17:29:25'),
(125, 1, 7, '2020-01-03 17:29:25'),
(126, 1, 7, '2020-01-03 17:29:26'),
(127, 1, 7, '2020-01-03 17:29:26'),
(128, 1, 7, '2020-01-03 17:29:26'),
(129, 1, 7, '2020-01-03 17:29:26'),
(130, 1, 7, '2020-01-03 17:29:26'),
(131, 1, 7, '2020-01-03 17:29:26'),
(132, 1, 7, '2020-01-03 17:29:27'),
(133, 1, 7, '2020-01-03 17:30:09'),
(134, 1, 7, '2020-01-03 17:30:09'),
(135, 1, 7, '2020-01-03 17:30:10'),
(136, 1, 5, '2020-01-03 17:30:21'),
(137, 1, 7, '2020-01-03 17:30:23'),
(138, 1, 7, '2020-01-03 17:30:25'),
(139, 1, 7, '2020-01-03 17:30:26'),
(140, 1, 7, '2020-01-03 17:30:27'),
(141, 1, 5, '2020-01-03 17:30:28'),
(142, 1, 9, '2020-01-03 17:30:30'),
(143, 1, 13, '2020-01-03 17:30:31'),
(144, 1, 7, '2020-01-03 17:31:39'),
(145, 1, 7, '2020-01-03 17:31:41'),
(146, 1, 7, '2020-01-03 17:31:41'),
(147, 1, 7, '2020-01-03 17:31:42'),
(148, 1, 7, '2020-01-03 17:31:42'),
(149, 1, 7, '2020-01-03 17:31:42'),
(150, 1, 7, '2020-01-03 17:31:43'),
(151, 1, 7, '2020-01-03 17:31:43'),
(152, 1, 7, '2020-01-03 17:31:43'),
(153, 1, 7, '2020-01-03 17:31:43'),
(154, 1, 7, '2020-01-03 17:31:43'),
(155, 1, 7, '2020-01-03 17:31:44'),
(156, 1, 7, '2020-01-03 17:31:44'),
(157, 1, 7, '2020-01-03 17:31:44'),
(158, 1, 7, '2020-01-03 17:31:45'),
(159, 1, 7, '2020-01-03 17:31:46'),
(160, 1, 7, '2020-01-03 17:31:46'),
(161, 1, 7, '2020-01-03 17:31:46'),
(162, 1, 7, '2020-01-03 17:31:47'),
(163, 1, 7, '2020-01-03 17:31:47'),
(164, 1, 7, '2020-01-03 17:31:48'),
(165, 1, 7, '2020-01-03 17:31:48'),
(166, 1, 5, '2020-01-03 17:31:49'),
(167, 1, 5, '2020-01-03 17:31:50'),
(168, 1, 5, '2020-01-03 17:31:50'),
(169, 1, 5, '2020-01-03 17:31:51'),
(170, 1, 5, '2020-01-03 17:31:53'),
(171, 1, 5, '2020-01-03 17:31:53'),
(172, 1, 5, '2020-01-03 17:31:53'),
(173, 1, 17, '2020-01-03 17:32:31'),
(174, 1, 5, '2020-01-03 17:32:36'),
(175, 1, 5, '2020-01-03 17:33:24'),
(176, 1, 7, '2020-01-03 17:33:27'),
(177, 1, 7, '2020-01-03 17:33:28'),
(178, 1, 7, '2020-01-03 17:33:29'),
(179, 1, 7, '2020-01-03 17:33:29'),
(180, 1, 7, '2020-01-03 17:33:29'),
(181, 1, 7, '2020-01-03 17:33:29'),
(182, 1, 9, '2020-01-03 17:33:31'),
(183, 1, 5, '2020-01-03 17:34:17'),
(184, 1, 5, '2020-01-03 17:34:18'),
(185, 1, 5, '2020-01-03 17:34:18'),
(186, 1, 5, '2020-01-03 17:34:18'),
(187, 1, 5, '2020-01-03 17:34:19'),
(188, 1, 5, '2020-01-03 17:34:30'),
(189, 1, 5, '2020-01-03 17:37:00'),
(190, 1, 5, '2020-01-03 17:37:01'),
(191, 1, 5, '2020-01-03 17:37:02'),
(192, 1, 5, '2020-01-03 17:37:03'),
(193, 1, 5, '2020-01-03 17:37:03'),
(194, 1, 5, '2020-01-03 17:37:03'),
(195, 1, 5, '2020-01-03 17:37:03'),
(196, 1, 5, '2020-01-03 17:37:33'),
(197, 1, 5, '2020-01-03 17:37:36'),
(198, 1, 7, '2020-01-03 17:37:41'),
(199, 1, 9, '2020-01-03 17:37:45'),
(200, 1, 10, '2020-01-03 17:37:48'),
(201, 1, 5, '2020-01-03 17:38:02'),
(202, 1, 5, '2020-01-03 17:38:05'),
(203, 1, 7, '2020-01-03 17:38:33'),
(204, 1, 7, '2020-01-03 17:38:35'),
(205, 1, 5, '2020-01-03 17:38:38'),
(206, 1, 9, '2020-01-03 17:38:41'),
(207, 1, 10, '2020-01-03 17:38:43'),
(208, 1, 13, '2020-01-03 17:38:47'),
(209, 1, 9, '2020-01-03 17:39:10'),
(210, 1, 10, '2020-01-03 17:39:12'),
(211, 1, 14, '2020-01-03 17:39:15'),
(212, 1, 15, '2020-01-03 17:39:17'),
(213, 1, 15, '2020-01-03 17:40:02'),
(214, 1, 7, '2020-01-03 17:40:31'),
(215, 1, 7, '2020-01-03 17:40:33'),
(216, 1, 7, '2020-01-03 17:40:35'),
(217, 1, 7, '2020-01-03 17:40:37'),
(218, 1, 7, '2020-01-03 17:42:37'),
(219, 1, 7, '2020-01-03 17:42:39'),
(220, 1, 7, '2020-01-03 17:42:42'),
(221, 1, 5, '2020-01-03 17:43:02'),
(222, 1, 5, '2020-01-03 17:45:27'),
(223, 1, 7, '2020-01-03 17:55:52'),
(224, 1, 5, '2020-01-03 17:56:19'),
(225, 1, 7, '2020-01-03 17:56:23'),
(226, 1, 7, '2020-01-03 17:56:38'),
(227, 1, 5, '2020-01-03 18:38:36'),
(228, 1, 7, '2020-01-03 18:38:38'),
(229, 1, 7, '2020-01-03 18:39:06'),
(230, 1, 7, '2020-01-03 18:39:06'),
(231, 1, 5, '2020-01-03 18:39:31'),
(232, 1, 7, '2020-01-03 18:39:36'),
(233, 1, 7, '2020-01-03 18:41:26'),
(234, 1, 5, '2020-01-03 18:42:36'),
(235, 1, 7, '2020-01-03 18:42:38'),
(236, 1, 10, '2020-01-03 18:42:40'),
(237, 1, 5, '2020-01-03 18:43:20'),
(238, 1, 5, '2020-01-03 18:51:32'),
(239, 1, 9, '2020-01-03 18:51:57'),
(240, 1, 7, '2020-01-03 18:53:31'),
(241, 1, 5, '2020-01-03 18:53:33'),
(242, 1, 10, '2020-01-03 18:53:35'),
(243, 1, 7, '2020-01-03 19:36:37'),
(244, 1, 7, '2020-01-03 19:39:01'),
(245, 1, 7, '2020-01-03 19:39:33'),
(246, 1, 7, '2020-01-03 19:40:19'),
(247, 1, 5, '2020-01-03 19:41:56'),
(248, 1, 7, '2020-01-03 19:43:56'),
(249, 1, 7, '2020-01-03 19:56:39'),
(250, 1, 5, '2020-01-03 19:56:53'),
(251, 1, 10, '2020-01-03 19:56:57'),
(252, 1, 7, '2020-01-03 20:03:09'),
(253, 1, 5, '2020-01-03 20:03:11'),
(254, 1, 5, '2020-01-03 20:03:26'),
(255, 1, 13, '2020-01-03 20:03:30'),
(256, 1, 13, '2020-01-03 20:03:33'),
(257, 1, 9, '2020-01-03 20:03:59'),
(258, 1, 9, '2020-01-03 20:05:30'),
(259, 1, 9, '2020-01-03 20:05:43'),
(260, 1, 9, '2020-01-03 20:05:50'),
(261, 1, 7, '2020-01-03 20:10:23'),
(262, 1, 7, '2020-01-03 20:12:23'),
(263, 1, 7, '2020-01-03 20:12:30'),
(264, 1, 9, '2020-01-03 20:12:42'),
(265, 1, 10, '2020-01-03 20:12:58'),
(266, 1, 10, '2020-01-03 20:13:22'),
(267, 1, 10, '2020-01-03 20:13:24'),
(268, 1, 10, '2020-01-03 20:13:28'),
(269, 1, 14, '2020-01-03 20:13:31'),
(270, 1, 13, '2020-01-03 20:13:34'),
(271, 1, 151, '2020-01-03 20:13:52'),
(272, 1, 150, '2020-01-03 20:13:57'),
(273, 1, 7, '2020-01-03 20:16:36'),
(274, 1, 9, '2020-01-03 20:16:41'),
(275, 1, 10, '2020-01-03 20:16:47'),
(276, 1, 11, '2020-01-03 20:16:50'),
(277, 1, 7, '2020-01-03 20:17:29'),
(278, 1, 5, '2020-01-03 20:18:13'),
(279, 1, 7, '2020-01-03 20:18:38'),
(280, 1, 7, '2020-01-03 20:40:03'),
(281, 1, 5, '2020-01-03 20:40:08'),
(282, 1, 10, '2020-01-03 20:40:10'),
(283, 1, 5, '2020-01-03 20:40:18'),
(284, 1, 19, '2020-01-03 20:40:51'),
(285, 1, 5, '2020-01-03 20:41:35'),
(286, 1, 10, '2020-01-03 20:42:25'),
(287, 1, 11, '2020-01-03 20:42:42'),
(288, 1, 11, '2020-01-03 20:42:49'),
(289, 1, 14, '2020-01-03 21:42:08'),
(290, 1, 15, '2020-01-03 21:42:11'),
(291, 1, 13, '2020-01-03 21:42:13'),
(292, 1, 13, '2020-01-03 21:52:43'),
(293, 1, 25, '2020-01-04 10:27:13'),
(294, 1, 19, '2020-01-04 10:27:19'),
(295, 1, 40, '2020-01-04 10:27:21'),
(296, 1, 47, '2020-01-04 10:27:24'),
(297, 1, 50, '2020-01-04 10:27:27'),
(298, 1, 50, '2020-01-04 10:27:29'),
(299, 1, 81, '2020-01-04 10:28:02'),
(300, 1, 84, '2020-01-04 10:28:51'),
(301, 1, 19, '2020-01-04 10:28:55'),
(302, 1, 25, '2020-01-04 10:29:04'),
(303, 1, 36, '2020-01-04 10:29:10'),
(304, 1, 40, '2020-01-04 10:29:13'),
(305, 1, 47, '2020-01-04 10:29:16'),
(306, 1, 50, '2020-01-04 10:29:19'),
(307, 1, 68, '2020-01-04 10:29:22'),
(308, 1, 81, '2020-01-04 10:29:25'),
(309, 1, 84, '2020-01-04 10:29:28'),
(310, 1, 116, '2020-01-04 10:29:34'),
(311, 1, 137, '2020-01-04 10:29:41'),
(312, 1, 71, '2020-01-04 10:29:48'),
(313, 1, 25, '2020-01-04 10:30:14'),
(314, 1, 36, '2020-01-04 10:30:20'),
(315, 1, 47, '2020-01-04 10:30:23'),
(316, 1, 54, '2020-01-04 10:30:25'),
(317, 1, 68, '2020-01-04 10:30:44'),
(318, 1, 68, '2020-01-04 10:30:50'),
(319, 1, 78, '2020-01-04 10:30:52'),
(320, 1, 81, '2020-01-04 10:30:56'),
(321, 1, 82, '2020-01-04 10:31:00'),
(322, 1, 84, '2020-01-04 10:31:03'),
(323, 1, 96, '2020-01-04 10:31:05'),
(324, 1, 116, '2020-01-04 10:31:07'),
(325, 1, 15, '2020-01-04 10:31:09'),
(326, 1, 16, '2020-01-04 10:31:11'),
(327, 1, 24, '2020-01-04 10:31:13'),
(328, 1, 28, '2020-01-04 10:31:15'),
(329, 1, 33, '2020-01-04 10:31:18'),
(330, 1, 39, '2020-01-04 10:31:27'),
(331, 1, 19, '2020-01-04 10:31:49'),
(332, 1, 25, '2020-01-04 10:32:13'),
(333, 1, 36, '2020-01-04 10:32:16'),
(334, 1, 19, '2020-01-04 10:36:48'),
(335, 1, 19, '2020-01-04 10:36:53'),
(336, 1, 40, '2020-01-04 10:37:31'),
(337, 1, 25, '2020-01-04 10:54:29'),
(338, 1, 19, '2020-01-04 10:54:31'),
(339, 1, 19, '2020-01-04 11:06:41'),
(340, 1, 19, '2020-01-04 11:08:38'),
(341, 1, 36, '2020-01-04 11:08:45'),
(342, 1, 36, '2020-01-04 11:08:48'),
(343, 1, 36, '2020-01-04 11:08:51'),
(344, 1, 19, '2020-01-04 11:08:56'),
(345, 1, 19, '2020-01-04 11:09:00'),
(346, 1, 32, '2020-01-04 11:11:28'),
(347, 1, 19, '2020-01-04 11:12:22'),
(348, 1, 19, '2020-01-04 11:12:49'),
(349, 1, 19, '2020-01-04 11:12:53'),
(350, 1, 19, '2020-01-04 11:13:10'),
(351, 1, 19, '2020-01-04 11:21:56'),
(352, 1, 36, '2020-01-04 11:24:37'),
(353, 1, 19, '2020-01-04 11:51:17'),
(354, 1, 19, '2020-01-04 11:51:20'),
(355, 1, 19, '2020-01-04 12:25:13'),
(356, 1, 19, '2020-01-04 14:40:38'),
(357, 1, 19, '2020-01-04 15:13:47'),
(358, 1, 19, '2020-01-04 22:59:40'),
(359, 1, 36, '2020-01-04 22:59:45'),
(360, 1, 19, '2020-01-04 23:00:30'),
(361, 1, 81, '2020-01-04 23:17:40'),
(362, 1, 19, '2020-01-04 23:17:48'),
(363, 1, 84, '2020-01-04 23:18:00'),
(364, 1, 19, '2020-01-06 14:29:12'),
(365, 1, 36, '2020-01-06 14:29:14'),
(366, 1, 101, '2020-01-06 14:32:15'),
(367, 1, 19, '2020-01-06 14:32:32'),
(368, 1, 81, '2020-01-06 14:32:45'),
(369, 1, 84, '2020-01-06 14:32:50'),
(370, 1, 62, '2020-01-06 14:32:59'),
(371, 1, 19, '2020-01-09 16:49:38'),
(372, 1, 47, '2020-01-09 16:54:23'),
(373, 1, 134, '2020-01-09 16:55:57'),
(374, 1, 47, '2020-01-09 16:56:03'),
(375, 1, 36, '2020-01-09 16:56:07'),
(376, 1, 16, '2020-01-09 17:03:42'),
(377, 1, 16, '2020-01-09 17:03:45'),
(378, 1, 28, '2020-01-09 17:03:49'),
(379, 1, 95, '2020-01-09 17:03:53'),
(380, 1, 124, '2020-01-09 17:03:56'),
(381, 1, 36, '2020-01-09 17:05:20'),
(382, 1, 36, '2020-01-09 17:05:29'),
(383, 1, 51, '2020-01-09 17:06:31'),
(384, 1, 16, '2020-01-09 17:14:01'),
(385, 1, 47, '2020-01-15 18:22:05'),
(386, 1, 40, '2020-01-15 18:23:46'),
(387, 1, 84, '2020-01-15 18:23:49'),
(388, 1, 62, '2020-01-15 18:23:51'),
(389, 1, 64, '2020-01-15 18:23:54'),
(390, 1, 66, '2020-01-15 18:23:55'),
(391, 1, 23, '2020-01-15 18:23:59'),
(392, 1, 35, '2020-01-15 18:24:07'),
(393, 1, 114, '2020-01-15 18:24:13'),
(394, 1, 17, '2020-01-15 19:50:41'),
(395, 1, 17, '2020-01-15 19:50:43'),
(396, 1, 23, '2020-01-15 19:50:45'),
(397, 1, 17, '2020-01-15 19:50:47'),
(398, 1, 23, '2020-01-15 19:50:50'),
(399, 1, 17, '2020-01-15 19:50:52'),
(400, 1, 13, '2020-01-15 19:50:56'),
(401, 1, 119, '2020-01-16 11:53:52'),
(402, 1, 73, '2020-01-16 11:54:06'),
(403, 1, 72, '2020-01-16 11:54:10'),
(404, 1, 117, '2020-01-16 11:54:16'),
(405, 1, 28, '2020-01-16 15:05:28'),
(406, 1, 115, '2020-01-16 15:13:03');

--
-- Index pour les tables déchargées
--

--
-- Index pour la table `blockList`
--
ALTER TABLE `blockList`
  ADD PRIMARY KEY (`id`);

--
-- Index pour la table `images`
--
ALTER TABLE `images`
  ADD PRIMARY KEY (`id`);

--
-- Index pour la table `interests`
--
ALTER TABLE `interests`
  ADD PRIMARY KEY (`interest_id`);

--
-- Index pour la table `likesList`
--
ALTER TABLE `likesList`
  ADD PRIMARY KEY (`id`);

--
-- Index pour la table `messages`
--
ALTER TABLE `messages`
  ADD PRIMARY KEY (`id`);

--
-- Index pour la table `reportList`
--
ALTER TABLE `reportList`
  ADD PRIMARY KEY (`id`);

--
-- Index pour la table `users`
--
ALTER TABLE `users`
  ADD PRIMARY KEY (`id`);

--
-- Index pour la table `usersInterests`
--
ALTER TABLE `usersInterests`
  ADD PRIMARY KEY (`uId`,`iId`);

--
-- Index pour la table `viewProfileList`
--
ALTER TABLE `viewProfileList`
  ADD PRIMARY KEY (`id`);

--
-- AUTO_INCREMENT pour les tables déchargées
--

--
-- AUTO_INCREMENT pour la table `blockList`
--
ALTER TABLE `blockList`
  MODIFY `id` int(11) NOT NULL AUTO_INCREMENT, AUTO_INCREMENT=36;

--
-- AUTO_INCREMENT pour la table `images`
--
ALTER TABLE `images`
  MODIFY `id` int(11) NOT NULL AUTO_INCREMENT, AUTO_INCREMENT=218;

--
-- AUTO_INCREMENT pour la table `interests`
--
ALTER TABLE `interests`
  MODIFY `interest_id` int(11) NOT NULL AUTO_INCREMENT, AUTO_INCREMENT=14;

--
-- AUTO_INCREMENT pour la table `likesList`
--
ALTER TABLE `likesList`
  MODIFY `id` int(11) NOT NULL AUTO_INCREMENT, AUTO_INCREMENT=54;

--
-- AUTO_INCREMENT pour la table `messages`
--
ALTER TABLE `messages`
  MODIFY `id` int(11) NOT NULL AUTO_INCREMENT, AUTO_INCREMENT=6;

--
-- AUTO_INCREMENT pour la table `reportList`
--
ALTER TABLE `reportList`
  MODIFY `id` int(11) NOT NULL AUTO_INCREMENT, AUTO_INCREMENT=7;

--
-- AUTO_INCREMENT pour la table `users`
--
ALTER TABLE `users`
  MODIFY `id` int(11) NOT NULL AUTO_INCREMENT, AUTO_INCREMENT=152;

--
-- AUTO_INCREMENT pour la table `viewProfileList`
--
ALTER TABLE `viewProfileList`
  MODIFY `id` int(11) NOT NULL AUTO_INCREMENT, AUTO_INCREMENT=407;
COMMIT;

/*!40101 SET CHARACTER_SET_CLIENT=@OLD_CHARACTER_SET_CLIENT */;
/*!40101 SET CHARACTER_SET_RESULTS=@OLD_CHARACTER_SET_RESULTS */;
/*!40101 SET COLLATION_CONNECTION=@OLD_COLLATION_CONNECTION */;
